{"stats":{"minecraft:dropped":{"minecraft:iron_sword":2,"minecraft:diamond_axe":1,"minecraft:warped_fungus":1,"minecraft:warped_roots":6,"minecraft:leather":9,"minecraft:cracked_polished_blackstone_bricks":2,"minecraft:dirt":1,"minecraft:gold_nugget":16,"minecraft:iron_pickaxe":1,"minecraft:bone":8,"minecraft:stone_axe":15,"minecraft:blackstone":1,"minecraft:cooked_chicken":4,"minecraft:twisting_vines":18,"minecraft:wheat":9,"minecraft:beetroot":1,"minecraft:rotten_flesh":4,"minecraft:nether_brick_fence":3,"minecraft:carrot":23,"minecraft:poppy":8,"minecraft:leather_chestplate":3,"minecraft:beetroot_seeds":1,"minecraft:basalt":60,"minecraft:arrow":293,"minecraft:quartz":355,"minecraft:netherrack":134,"minecraft:stone_hoe":1,"minecraft:bread":96,"minecraft:wheat_seeds":45,"minecraft:diamond_leggings":1,"minecraft:iron_helmet":1,"minecraft:chainmail_helmet":4,"minecraft:coal":4,"minecraft:wooden_hoe":1,"minecraft:diamond_helmet":1,"minecraft:iron_axe":1,"minecraft:chainmail_leggings":5,"minecraft:iron_shovel":1,"minecraft:string":1573,"minecraft:stone_shovel":12,"minecraft:iron_boots":4,"minecraft:white_terracotta":1,"minecraft:shears":1,"minecraft:flint_and_steel":1,"minecraft:diamond_sword":1,"minecraft:stone":4,"minecraft:shield":1,"minecraft:diamond_chestplate":1,"minecraft:diamond_pickaxe":2,"minecraft:golden_leggings":5,"minecraft:carved_pumpkin":2,"minecraft:diamond_boots":1,"minecraft:bow":36,"minecraft:stone_pickaxe":2,"minecraft:wooden_pickaxe":1,"minecraft:magma_cream":21,"minecraft:magma_block":18,"minecraft:black_wool":2},"minecraft:broken":{"minecraft:golden_shovel":1,"minecraft:stone_shovel":1,"minecraft:shield":1},"minecraft:used":{"minecraft:iron_shovel":50,"minecraft:poppy":8,"minecraft:oak_sign":4,"minecraft:chest":22,"minecraft:shield":73,"minecraft:iron_sword":97,"minecraft:nether_wart":3,"minecraft:bell":1,"minecraft:mutton":1,"minecraft:nether_bricks":109,"minecraft:carrot":1,"minecraft:tuff":76,"minecraft:axolotl_bucket":2,"minecraft:obsidian":4,"minecraft:lava_bucket":15,"minecraft:warped_nylium":2,"minecraft:magma_block":1,"minecraft:bow":90,"minecraft:warped_fungus":2,"minecraft:hay_block":4,"minecraft:furnace":2,"minecraft:egg":22,"minecraft:potato":100,"minecraft:chiseled_polished_blackstone":1,"minecraft:diorite":6,"minecraft:diamond_boots":1,"minecraft:stone_pickaxe":20,"minecraft:oak_planks":70,"minecraft:blackstone":100,"minecraft:ender_pearl":1,"minecraft:wooden_pickaxe":8,"minecraft:composter":8,"minecraft:sugar_cane":7,"minecraft:diamond_axe":49,"minecraft:white_wool":17,"minecraft:golden_hoe":26,"minecraft:blast_furnace":1,"minecraft:shears":2,"minecraft:bread":9,"minecraft:string":1,"minecraft:gravel":4,"minecraft:golden_helmet":1,"minecraft:diamond_sword":220,"minecraft:smithing_table":1,"minecraft:andesite":1,"minecraft:bone_meal":18,"minecraft:stone_sword":55,"minecraft:flint_and_steel":14,"minecraft:stone_shovel":203,"minecraft:stone_hoe":52,"minecraft:netherrack":179,"minecraft:torch":2,"minecraft:dirt":426,"minecraft:anvil":1,"minecraft:diamond_helmet":2,"minecraft:golden_shovel":32,"minecraft:granite":2,"minecraft:iron_axe":139,"minecraft:smooth_basalt":5,"minecraft:light_gray_wool":1,"minecraft:diamond_chestplate":1,"minecraft:basalt":99,"minecraft:beef":4,"minecraft:cooked_beef":38,"minecraft:red_dye":1,"minecraft:cobbled_deepslate":53,"minecraft:pumpkin":2,"minecraft:calcite":9,"minecraft:cooked_mutton":16,"minecraft:water_bucket":63,"minecraft:amethyst_block":4,"minecraft:baked_potato":2,"minecraft:glow_ink_sac":4,"minecraft:polished_blackstone_bricks":3,"minecraft:crafting_table":4,"minecraft:white_bed":5,"minecraft:wooden_hoe":24,"minecraft:yellow_dye":3,"minecraft:diamond_pickaxe":1412,"minecraft:black_wool":1,"minecraft:diamond_shovel":2,"minecraft:cracked_polished_blackstone_bricks":1,"minecraft:iron_pickaxe":404,"minecraft:golden_leggings":3,"minecraft:stone_axe":79,"minecraft:cobblestone":155,"minecraft:porkchop":4,"minecraft:cooked_porkchop":33,"minecraft:bucket":81,"minecraft:yellow_bed":3,"minecraft:gray_wool":1},"minecraft:killed_by":{"minecraft:creeper":2,"minecraft:iron_golem":2},"minecraft:crafted":{"minecraft:oak_planks":352,"minecraft:oak_sign":24,"minecraft:cooked_mutton":9,"minecraft:bow":11,"minecraft:iron_boots":1,"minecraft:chest":14,"minecraft:emerald":739,"minecraft:arrow":64,"minecraft:cooked_porkchop":22,"minecraft:diamond_axe":5,"minecraft:crafting_table":2,"minecraft:iron_helmet":1,"minecraft:wooden_pickaxe":1,"minecraft:baked_potato":2,"minecraft:smithing_table":1,"minecraft:wooden_hoe":1,"minecraft:diamond_pickaxe":1,"minecraft:yellow_dye":4,"minecraft:shield":1,"minecraft:stick":36,"minecraft:iron_ingot":71,"minecraft:iron_pickaxe":3,"minecraft:iron_block":3,"minecraft:stone_sword":1,"minecraft:shears":1,"minecraft:stone_shovel":14,"minecraft:furnace":1,"minecraft:bone_meal":18,"minecraft:iron_axe":5,"minecraft:stone_pickaxe":1,"minecraft:wheat":216,"minecraft:cooked_beef":24,"minecraft:red_dye":1,"minecraft:diamond_sword":1,"minecraft:iron_sword":1,"minecraft:bucket":1,"minecraft:stone_axe":13,"minecraft:bread":168,"minecraft:air":0,"minecraft:anvil":1,"minecraft:white_bed":2,"minecraft:diamond_chestplate":1},"minecraft:picked_up":{"minecraft:wheat":9,"minecraft:nether_brick_fence":3,"minecraft:diamond_sword":1,"minecraft:golden_shovel":1,"minecraft:brewing_stand":2,"minecraft:amethyst_block":4,"minecraft:string":17478,"minecraft:beetroot":1,"minecraft:diamond_leggings":2,"minecraft:cobbled_deepslate":53,"minecraft:gold_nugget":16,"minecraft:smooth_stone":3,"minecraft:calcite":9,"minecraft:iron_pickaxe":6,"minecraft:iron_boots":3,"minecraft:furnace":1,"minecraft:golden_helmet":1,"minecraft:stick":8,"minecraft:composter":9,"minecraft:torch":2,"minecraft:porkchop":67,"minecraft:diorite":12,"minecraft:cauldron":1,"minecraft:stone_sword":3,"minecraft:rotten_flesh":26,"minecraft:carved_pumpkin":3,"minecraft:white_terracotta":1,"minecraft:blaze_rod":32,"minecraft:obsidian":4,"minecraft:cobblestone":217,"minecraft:magma_block":19,"minecraft:leather_chestplate":3,"minecraft:cooked_beef":38,"minecraft:magma_cream":21,"minecraft:water_bucket":1,"minecraft:andesite":2,"minecraft:golden_leggings":9,"minecraft:potato":116,"minecraft:tuff":76,"minecraft:wither_skeleton_skull":1,"minecraft:lapis_lazuli":69,"minecraft:dirt":1059,"minecraft:twisting_vines":18,"minecraft:bone":14,"minecraft:bow":26,"minecraft:wheat_seeds":51,"minecraft:raw_gold":36,"minecraft:bell":1,"minecraft:glowstone_dust":1,"minecraft:diamond_helmet":2,"minecraft:oak_planks":138,"minecraft:chiseled_polished_blackstone":1,"minecraft:cooked_porkchop":36,"minecraft:grass_block":1,"minecraft:sugar":1,"minecraft:diamond":35,"minecraft:cracked_polished_blackstone_bricks":3,"minecraft:granite":2,"minecraft:golden_apple":2,"minecraft:bread":87,"minecraft:emerald":59,"minecraft:chainmail_helmet":4,"minecraft:netherrack":568,"minecraft:diamond_pickaxe":2,"minecraft:crafting_table":2,"minecraft:nether_wart":3,"minecraft:gold_block":2,"minecraft:shield":5,"minecraft:cornflower":4,"minecraft:iron_axe":4,"minecraft:flint_and_steel":4,"minecraft:iron_shovel":3,"minecraft:blackstone":101,"minecraft:beef":34,"minecraft:poppy":17,"minecraft:light_gray_wool":1,"minecraft:sugar_cane":7,"minecraft:chest":8,"minecraft:egg":28,"minecraft:raw_iron":109,"minecraft:stone":4,"minecraft:polished_blackstone_bricks":3,"minecraft:carrot":24,"minecraft:redstone":42,"minecraft:arrow":77,"minecraft:diamond_chestplate":1,"minecraft:beetroot_seeds":1,"minecraft:golden_hoe":1,"minecraft:nether_bricks":109,"minecraft:shears":1,"minecraft:diamond_boots":2,"minecraft:hay_block":60,"minecraft:saddle":1,"minecraft:mutton":26,"minecraft:white_wool":28,"minecraft:bone_block":40,"minecraft:basalt":162,"minecraft:glow_ink_sac":10,"minecraft:leather":33,"minecraft:oak_log":88,"minecraft:ancient_debris":2,"minecraft:yellow_bed":3,"minecraft:gunpowder":11,"minecraft:cooked_mutton":67,"minecraft:iron_ingot":44,"minecraft:stone_pickaxe":1,"minecraft:cooked_chicken":4,"minecraft:iron_sword":3,"minecraft:smooth_basalt":5,"minecraft:warped_fungus":3,"minecraft:pumpkin":2,"minecraft:quartz":354,"minecraft:dandelion":4,"minecraft:gravel":4,"minecraft:amethyst_shard":16,"minecraft:white_bed":3,"minecraft:spider_eye":3,"minecraft:pumpkin_seeds":8,"minecraft:slime_ball":2,"minecraft:stone_axe":2,"minecraft:chainmail_leggings":5,"minecraft:diamond_axe":1,"minecraft:gray_wool":1,"minecraft:warped_roots":6,"minecraft:black_wool":3,"minecraft:warped_nylium":2,"minecraft:coal":126,"minecraft:ender_pearl":12},"minecraft:mined":{"minecraft:white_bed":3,"minecraft:brewing_stand":1,"minecraft:carved_pumpkin":2,"minecraft:obsidian":4,"minecraft:granite":2,"minecraft:budding_amethyst":2,"minecraft:grass_block":126,"minecraft:cracked_polished_blackstone_bricks":5,"minecraft:composter":8,"minecraft:polished_blackstone_bricks":10,"minecraft:magma_block":14,"minecraft:iron_ore":104,"minecraft:fire":22,"minecraft:pumpkin":2,"minecraft:deepslate_lapis_ore":3,"minecraft:twisting_vines":1,"minecraft:tripwire":3,"minecraft:deepslate_redstone_ore":8,"minecraft:blackstone":108,"minecraft:twisting_vines_plant":1,"minecraft:soul_fire":1,"minecraft:amethyst_cluster":2,"minecraft:calcite":9,"minecraft:poppy":1,"minecraft:chest":8,"minecraft:nether_quartz_ore":140,"minecraft:cobblestone":3,"minecraft:sugar_cane":3,"minecraft:oak_planks":1,"minecraft:amethyst_block":4,"minecraft:white_terracotta":2,"minecraft:wheat":8,"minecraft:warped_fungus":1,"minecraft:oak_log":88,"minecraft:beetroots":1,"minecraft:dirt":213,"minecraft:smooth_basalt":5,"minecraft:netherrack":642,"minecraft:ancient_debris":2,"minecraft:oak_leaves":3,"minecraft:deepslate":36,"minecraft:nether_gold_ore":1,"minecraft:diamond_ore":1,"minecraft:tuff":79,"minecraft:deepslate_diamond_ore":35,"minecraft:nether_bricks":115,"minecraft:hay_block":45,"minecraft:furnace":1,"minecraft:carrots":7,"minecraft:andesite":1,"minecraft:gold_block":2,"minecraft:nether_brick_fence":3,"minecraft:potatoes":31,"minecraft:stone":174,"minecraft:bone_block":41,"minecraft:white_wool":2,"minecraft:basalt":149,"minecraft:dandelion":4,"minecraft:crafting_table":2,"minecraft:cornflower":3,"minecraft:short_grass":97,"minecraft:warped_roots":5,"minecraft:tall_grass":6,"minecraft:lapis_ore":4,"minecraft:deepslate_gold_ore":35,"minecraft:diorite":12,"minecraft:yellow_bed":3,"minecraft:coal_ore":77,"minecraft:gravel":4,"minecraft:gold_ore":1},"minecraft:custom":{"minecraft:interact_with_crafting_table":26,"minecraft:bell_ring":25,"minecraft:leave_game":2,"minecraft:time_since_death":81469,"minecraft:sprint_one_cm":776462,"minecraft:damage_blocked_by_shield":3301,"minecraft:drop":332,"minecraft:talked_to_villager":401,"minecraft:play_time":324388,"minecraft:deaths":5,"minecraft:jump":8140,"minecraft:walk_on_water_one_cm":31121,"minecraft:interact_with_furnace":24,"minecraft:traded_with_villager":807,"minecraft:sleep_in_bed":12,"minecraft:damage_dealt":36348,"minecraft:crouch_one_cm":48929,"minecraft:interact_with_smithing_table":2,"minecraft:mob_kills":204,"minecraft:interact_with_anvil":1,"minecraft:climb_one_cm":475,"minecraft:walk_one_cm":590933,"minecraft:sneak_time":18331,"minecraft:walk_under_water_one_cm":6434,"minecraft:interact_with_blast_furnace":18,"minecraft:total_world_time":324388,"minecraft:time_since_rest":62641,"minecraft:damage_taken":8186,"minecraft:swim_one_cm":24722,"minecraft:fly_one_cm":1413192,"minecraft:open_chest":177,"minecraft:fall_one_cm":259269},"minecraft:killed":{"minecraft:witch":1,"minecraft:spider":5,"minecraft:skeleton":15,"minecraft:piglin_brute":1,"minecraft:magma_cube":22,"minecraft:piglin":5,"minecraft:pig":17,"minecraft:zombie_villager":1,"minecraft:iron_golem":12,"minecraft:creeper":1,"minecraft:sheep":31,"minecraft:zombie":36,"minecraft:ghast":1,"minecraft:glow_squid":2,"minecraft:cow":15,"minecraft:blaze":20,"minecraft:slime":3,"minecraft:wither_skeleton":5,"minecraft:enderman":8}},"DataVersion":3953}