{"stats":{"minecraft:dropped":{"minecraft:stone_hoe":1,"minecraft:bread":96,"minecraft:iron_sword":2,"minecraft:wheat_seeds":43,"minecraft:iron_helmet":1,"minecraft:leather":5,"minecraft:chainmail_helmet":4,"minecraft:dirt":1,"minecraft:wooden_hoe":1,"minecraft:iron_axe":1,"minecraft:iron_pickaxe":1,"minecraft:chainmail_leggings":5,"minecraft:string":1573,"minecraft:stone_axe":15,"minecraft:wheat":9,"minecraft:stone_shovel":12,"minecraft:beetroot":1,"minecraft:rotten_flesh":4,"minecraft:iron_boots":4,"minecraft:white_terracotta":1,"minecraft:carrot":23,"minecraft:poppy":8,"minecraft:leather_chestplate":3,"minecraft:shield":1,"minecraft:beetroot_seeds":1,"minecraft:golden_leggings":5,"minecraft:carved_pumpkin":2,"minecraft:arrow":293,"minecraft:bow":35,"minecraft:stone_pickaxe":2,"minecraft:wooden_pickaxe":1,"minecraft:black_wool":1},"minecraft:broken":{"minecraft:golden_shovel":1,"minecraft:shield":1,"minecraft:stone_shovel":1},"minecraft:used":{"minecraft:stone_sword":55,"minecraft:iron_shovel":50,"minecraft:flint_and_steel":10,"minecraft:stone_shovel":203,"minecraft:poppy":8,"minecraft:oak_sign":4,"minecraft:chest":22,"minecraft:shield":73,"minecraft:iron_sword":97,"minecraft:bell":1,"minecraft:stone_hoe":52,"minecraft:torch":2,"minecraft:anvil":1,"minecraft:dirt":422,"minecraft:mutton":1,"minecraft:carrot":1,"minecraft:diamond_helmet":1,"minecraft:golden_shovel":32,"minecraft:tuff":76,"minecraft:granite":2,"minecraft:obsidian":4,"minecraft:lava_bucket":13,"minecraft:iron_axe":139,"minecraft:smooth_basalt":5,"minecraft:diamond_chestplate":1,"minecraft:bow":56,"minecraft:beef":4,"minecraft:hay_block":4,"minecraft:furnace":2,"minecraft:egg":19,"minecraft:potato":100,"minecraft:cooked_beef":24,"minecraft:red_dye":1,"minecraft:cobbled_deepslate":53,"minecraft:pumpkin":2,"minecraft:calcite":9,"minecraft:cooked_mutton":16,"minecraft:water_bucket":57,"minecraft:diorite":6,"minecraft:diamond_boots":1,"minecraft:amethyst_block":4,"minecraft:glow_ink_sac":4,"minecraft:baked_potato":2,"minecraft:stone_pickaxe":20,"minecraft:oak_planks":58,"minecraft:ender_pearl":1,"minecraft:sugar_cane":7,"minecraft:wooden_pickaxe":8,"minecraft:composter":8,"minecraft:diamond_axe":45,"minecraft:white_wool":6,"minecraft:golden_hoe":26,"minecraft:crafting_table":4,"minecraft:blast_furnace":1,"minecraft:white_bed":5,"minecraft:shears":2,"minecraft:wooden_hoe":24,"minecraft:yellow_dye":3,"minecraft:diamond_pickaxe":191,"minecraft:bread":9,"minecraft:string":1,"minecraft:iron_pickaxe":404,"minecraft:gravel":4,"minecraft:golden_leggings":3,"minecraft:golden_helmet":1,"minecraft:stone_axe":79,"minecraft:diamond_sword":71,"minecraft:cobblestone":133,"minecraft:cooked_porkchop":8,"minecraft:porkchop":4,"minecraft:smithing_table":1,"minecraft:andesite":1,"minecraft:bucket":71,"minecraft:yellow_bed":3,"minecraft:bone_meal":18,"minecraft:gray_wool":1},"minecraft:killed_by":{"minecraft:creeper":2,"minecraft:iron_golem":2},"minecraft:crafted":{"minecraft:oak_planks":352,"minecraft:stone_shovel":14,"minecraft:oak_sign":24,"minecraft:furnace":1,"minecraft:bone_meal":18,"minecraft:cooked_mutton":9,"minecraft:bow":11,"minecraft:iron_boots":1,"minecraft:iron_axe":5,"minecraft:stone_pickaxe":1,"minecraft:chest":14,"minecraft:wheat":216,"minecraft:cooked_beef":24,"minecraft:red_dye":1,"minecraft:diamond_sword":1,"minecraft:arrow":64,"minecraft:emerald":739,"minecraft:cooked_porkchop":22,"minecraft:diamond_axe":5,"minecraft:crafting_table":2,"minecraft:baked_potato":2,"minecraft:iron_helmet":1,"minecraft:wooden_pickaxe":1,"minecraft:iron_sword":1,"minecraft:smithing_table":1,"minecraft:bucket":1,"minecraft:stone_axe":13,"minecraft:bread":168,"minecraft:air":0,"minecraft:yellow_dye":4,"minecraft:wooden_hoe":1,"minecraft:diamond_pickaxe":1,"minecraft:shield":1,"minecraft:stick":36,"minecraft:iron_ingot":71,"minecraft:iron_pickaxe":3,"minecraft:iron_block":3,"minecraft:stone_sword":1,"minecraft:anvil":1,"minecraft:white_bed":2,"minecraft:shears":1,"minecraft:diamond_chestplate":1},"minecraft:picked_up":{"minecraft:crafting_table":2,"minecraft:wheat":9,"minecraft:diamond_sword":1,"minecraft:golden_shovel":1,"minecraft:brewing_stand":2,"minecraft:shield":5,"minecraft:amethyst_block":4,"minecraft:cornflower":4,"minecraft:string":17478,"minecraft:iron_axe":4,"minecraft:flint_and_steel":4,"minecraft:iron_shovel":3,"minecraft:beetroot":1,"minecraft:diamond_leggings":2,"minecraft:cobbled_deepslate":53,"minecraft:smooth_stone":3,"minecraft:beef":34,"minecraft:calcite":9,"minecraft:poppy":17,"minecraft:iron_pickaxe":6,"minecraft:sugar_cane":7,"minecraft:chest":8,"minecraft:iron_boots":3,"minecraft:furnace":1,"minecraft:egg":25,"minecraft:golden_helmet":1,"minecraft:raw_iron":109,"minecraft:stick":8,"minecraft:composter":9,"minecraft:torch":2,"minecraft:porkchop":67,"minecraft:diorite":12,"minecraft:carrot":24,"minecraft:redstone":42,"minecraft:cauldron":1,"minecraft:stone_sword":3,"minecraft:arrow":77,"minecraft:diamond_chestplate":1,"minecraft:rotten_flesh":26,"minecraft:beetroot_seeds":1,"minecraft:golden_hoe":1,"minecraft:shears":1,"minecraft:diamond_boots":2,"minecraft:hay_block":60,"minecraft:carved_pumpkin":3,"minecraft:white_terracotta":1,"minecraft:saddle":1,"minecraft:obsidian":4,"minecraft:mutton":26,"minecraft:bone_block":40,"minecraft:white_wool":17,"minecraft:cobblestone":195,"minecraft:water_bucket":1,"minecraft:leather_chestplate":3,"minecraft:basalt":3,"minecraft:cooked_beef":24,"minecraft:glow_ink_sac":10,"minecraft:andesite":2,"minecraft:leather":29,"minecraft:golden_leggings":9,"minecraft:potato":116,"minecraft:tuff":76,"minecraft:oak_log":88,"minecraft:yellow_bed":3,"minecraft:gunpowder":11,"minecraft:lapis_lazuli":69,"minecraft:dirt":1055,"minecraft:cooked_mutton":28,"minecraft:bone":6,"minecraft:bow":26,"minecraft:wheat_seeds":49,"minecraft:raw_gold":36,"minecraft:bell":1,"minecraft:iron_ingot":41,"minecraft:stone_pickaxe":1,"minecraft:diamond_helmet":2,"minecraft:glowstone_dust":1,"minecraft:iron_sword":3,"minecraft:oak_planks":138,"minecraft:smooth_basalt":5,"minecraft:cooked_porkchop":20,"minecraft:pumpkin":2,"minecraft:dandelion":4,"minecraft:gravel":4,"minecraft:amethyst_shard":16,"minecraft:white_bed":3,"minecraft:grass_block":1,"minecraft:spider_eye":3,"minecraft:sugar":1,"minecraft:pumpkin_seeds":8,"minecraft:stone_axe":2,"minecraft:slime_ball":2,"minecraft:diamond":35,"minecraft:chainmail_leggings":5,"minecraft:diamond_axe":1,"minecraft:granite":2,"minecraft:gray_wool":1,"minecraft:golden_apple":2,"minecraft:emerald":59,"minecraft:chainmail_helmet":4,"minecraft:bread":87,"minecraft:black_wool":1,"minecraft:coal":122,"minecraft:diamond_pickaxe":1,"minecraft:ender_pearl":1},"minecraft:mined":{"minecraft:diamond_ore":1,"minecraft:tuff":79,"minecraft:white_bed":3,"minecraft:deepslate_diamond_ore":35,"minecraft:brewing_stand":1,"minecraft:obsidian":4,"minecraft:carved_pumpkin":2,"minecraft:granite":2,"minecraft:budding_amethyst":2,"minecraft:grass_block":125,"minecraft:composter":8,"minecraft:hay_block":45,"minecraft:furnace":1,"minecraft:carrots":7,"minecraft:iron_ore":104,"minecraft:fire":9,"minecraft:andesite":1,"minecraft:pumpkin":2,"minecraft:deepslate_lapis_ore":3,"minecraft:potatoes":31,"minecraft:stone":144,"minecraft:bone_block":41,"minecraft:tripwire":2,"minecraft:deepslate_redstone_ore":8,"minecraft:dandelion":4,"minecraft:basalt":3,"minecraft:soul_fire":1,"minecraft:amethyst_cluster":2,"minecraft:crafting_table":2,"minecraft:cornflower":3,"minecraft:short_grass":92,"minecraft:poppy":1,"minecraft:calcite":9,"minecraft:chest":8,"minecraft:cobblestone":3,"minecraft:tall_grass":4,"minecraft:deepslate_gold_ore":35,"minecraft:lapis_ore":4,"minecraft:sugar_cane":3,"minecraft:oak_planks":1,"minecraft:diorite":12,"minecraft:amethyst_block":4,"minecraft:white_terracotta":2,"minecraft:wheat":8,"minecraft:yellow_bed":3,"minecraft:gravel":4,"minecraft:coal_ore":77,"minecraft:oak_log":88,"minecraft:beetroots":1,"minecraft:dirt":210,"minecraft:smooth_basalt":5,"minecraft:deepslate":36,"minecraft:gold_ore":1,"minecraft:oak_leaves":3},"minecraft:custom":{"minecraft:interact_with_smithing_table":2,"minecraft:interact_with_anvil":1,"minecraft:mob_kills":118,"minecraft:interact_with_crafting_table":26,"minecraft:bell_ring":25,"minecraft:leave_game":1,"minecraft:climb_one_cm":179,"minecraft:time_since_death":1833,"minecraft:sprint_one_cm":576600,"minecraft:walk_one_cm":449207,"minecraft:damage_blocked_by_shield":3301,"minecraft:drop":277,"minecraft:talked_to_villager":401,"minecraft:play_time":244752,"minecraft:deaths":5,"minecraft:sneak_time":15525,"minecraft:walk_under_water_one_cm":6434,"minecraft:jump":5603,"minecraft:interact_with_blast_furnace":18,"minecraft:walk_on_water_one_cm":30466,"minecraft:total_world_time":244752,"minecraft:interact_with_furnace":24,"minecraft:traded_with_villager":807,"minecraft:sleep_in_bed":11,"minecraft:time_since_rest":1979,"minecraft:damage_taken":5710,"minecraft:damage_dealt":25850,"minecraft:swim_one_cm":24722,"minecraft:fly_one_cm":995367,"minecraft:open_chest":150,"minecraft:crouch_one_cm":38236,"minecraft:fall_one_cm":172575},"minecraft:killed":{"minecraft:witch":1,"minecraft:spider":5,"minecraft:slime":3,"minecraft:skeleton":10,"minecraft:magma_cube":7,"minecraft:pig":12,"minecraft:zombie_villager":1,"minecraft:iron_golem":11,"minecraft:creeper":1,"minecraft:sheep":17,"minecraft:zombie":36,"minecraft:ghast":1,"minecraft:glow_squid":2,"minecraft:enderman":1,"minecraft:cow":10}},"DataVersion":3953}