{"stats":{"minecraft:picked_up":{"minecraft:wheat":9,"minecraft:nether_brick_fence":3,"minecraft:smithing_table":1,"minecraft:diamond_sword":1,"minecraft:golden_shovel":1,"minecraft:brewing_stand":2,"minecraft:amethyst_block":4,"minecraft:music_disc_cat":1,"minecraft:polished_blackstone_brick_stairs":1,"minecraft:string":20237,"minecraft:raw_copper":12,"minecraft:iron_leggings":2,"minecraft:netherite_ingot":7,"minecraft:experience_bottle":1,"minecraft:oak_sign":4,"minecraft:beetroot":1,"minecraft:diamond_leggings":2,"minecraft:cobbled_deepslate":497,"minecraft:gold_nugget":17,"minecraft:smooth_stone":3,"minecraft:calcite":9,"minecraft:netherite_upgrade_smithing_template":10,"minecraft:iron_pickaxe":6,"minecraft:enchanted_golden_apple":2,"minecraft:iron_boots":3,"minecraft:furnace":1,"minecraft:tipped_arrow":4,"minecraft:golden_helmet":1,"minecraft:stick":8,"minecraft:composter":9,"minecraft:torch":2,"minecraft:porkchop":67,"minecraft:diorite":12,"minecraft:deepslate_tile_stairs":2,"minecraft:cauldron":1,"minecraft:stone_sword":3,"minecraft:rotten_flesh":42,"minecraft:carved_pumpkin":4,"minecraft:white_terracotta":1,"minecraft:blaze_rod":35,"minecraft:obsidian":4,"minecraft:cobblestone":354,"minecraft:magma_block":20,"minecraft:leather_chestplate":3,"minecraft:feather":2,"minecraft:cooked_beef":38,"minecraft:magma_cream":21,"minecraft:water_bucket":1,"minecraft:andesite":5,"minecraft:golden_leggings":9,"minecraft:potato":362,"minecraft:flint":5,"minecraft:tuff":117,"minecraft:wither_skeleton_skull":1,"minecraft:lapis_lazuli":69,"minecraft:dirt":1111,"minecraft:disc_fragment_5":3,"minecraft:name_tag":2,"minecraft:twisting_vines":18,"minecraft:bone":49,"minecraft:chipped_anvil":1,"minecraft:bow":27,"minecraft:wheat_seeds":60,"minecraft:raw_gold":37,"minecraft:bell":1,"minecraft:diamond_helmet":2,"minecraft:glowstone_dust":3,"minecraft:oak_planks":138,"minecraft:chiseled_polished_blackstone":1,"minecraft:cooked_porkchop":40,"minecraft:music_disc_13":1,"minecraft:poisonous_potato":2,"minecraft:sand":132,"minecraft:grass_block":2,"minecraft:mossy_cobblestone":2,"minecraft:sugar":1,"minecraft:diamond":96,"minecraft:deepslate":30,"minecraft:cracked_polished_blackstone_bricks":10,"minecraft:granite":8,"minecraft:golden_apple":2,"minecraft:chainmail_helmet":4,"minecraft:emerald":59,"minecraft:bread":87,"minecraft:deepslate_coal_ore":9,"minecraft:netherrack":950,"minecraft:diamond_pickaxe":2,"minecraft:crafting_table":2,"minecraft:chicken":1,"minecraft:nether_wart":3,"minecraft:clay_ball":40,"minecraft:gold_block":18,"minecraft:shield":5,"minecraft:cornflower":4,"minecraft:iron_axe":4,"minecraft:flint_and_steel":4,"minecraft:compass":1,"minecraft:iron_shovel":3,"minecraft:blackstone":118,"minecraft:candle":1,"minecraft:beef":34,"minecraft:music_disc_otherside":2,"minecraft:echo_shard":5,"minecraft:poppy":17,"minecraft:light_gray_wool":1,"minecraft:sugar_cane":23,"minecraft:chest":11,"minecraft:phantom_membrane":1,"minecraft:egg":30,"minecraft:raw_iron":113,"minecraft:end_stone":6,"minecraft:stone":4,"minecraft:polished_blackstone_bricks":98,"minecraft:stone_button":2,"minecraft:carrot":24,"minecraft:redstone":48,"minecraft:arrow":97,"minecraft:weeping_vines":1,"minecraft:diamond_chestplate":1,"minecraft:beetroot_seeds":1,"minecraft:golden_hoe":1,"minecraft:nether_bricks":110,"minecraft:shears":1,"minecraft:diamond_boots":2,"minecraft:hay_block":60,"minecraft:saddle":1,"minecraft:mutton":26,"minecraft:bone_block":58,"minecraft:white_wool":166,"minecraft:basalt":211,"minecraft:golden_carrot":50,"minecraft:glow_ink_sac":10,"minecraft:leather":36,"minecraft:oak_log":89,"minecraft:ancient_debris":2,"minecraft:yellow_bed":3,"minecraft:gunpowder":17,"minecraft:cooked_mutton":67,"minecraft:deepslate_emerald_ore":3,"minecraft:iron_ingot":44,"minecraft:stone_pickaxe":1,"minecraft:cooked_chicken":4,"minecraft:iron_sword":3,"minecraft:book":6,"minecraft:smooth_basalt":5,"minecraft:warped_fungus":3,"minecraft:pumpkin":4,"minecraft:sculk":2,"minecraft:quartz":710,"minecraft:dandelion":4,"minecraft:gravel":10,"minecraft:amethyst_shard":17,"minecraft:soul_torch":15,"minecraft:white_bed":3,"minecraft:spider_eye":8,"minecraft:pumpkin_seeds":8,"minecraft:slime_ball":2,"minecraft:stone_axe":2,"minecraft:chainmail_leggings":5,"minecraft:diamond_axe":1,"minecraft:gray_wool":1,"minecraft:warped_roots":6,"minecraft:black_wool":3,"minecraft:warped_nylium":2,"minecraft:coal":137,"minecraft:ender_pearl":43},"minecraft:used":{"minecraft:iron_shovel":50,"minecraft:oak_sign":4,"minecraft:poppy":8,"minecraft:diamond_hoe":410,"minecraft:chest":24,"minecraft:shield":73,"minecraft:iron_sword":97,"minecraft:nether_wart":3,"minecraft:bell":1,"minecraft:sculk_sensor":6,"minecraft:mutton":1,"minecraft:nether_bricks":110,"minecraft:carrot":1,"minecraft:tuff":107,"minecraft:axolotl_bucket":3,"minecraft:weeping_vines":1,"minecraft:obsidian":4,"minecraft:lava_bucket":24,"minecraft:netherite_shovel":177,"minecraft:grass_block":1,"minecraft:warped_nylium":2,"minecraft:magma_block":2,"minecraft:bow":205,"minecraft:warped_fungus":2,"minecraft:hay_block":4,"minecraft:furnace":3,"minecraft:egg":24,"minecraft:potato":170,"minecraft:diorite":6,"minecraft:chiseled_polished_blackstone":1,"minecraft:diamond_boots":2,"minecraft:oak_planks":70,"minecraft:stone_pickaxe":20,"minecraft:ender_pearl":18,"minecraft:blackstone":113,"minecraft:wooden_pickaxe":8,"minecraft:composter":8,"minecraft:sugar_cane":7,"minecraft:diamond_axe":61,"minecraft:white_wool":536,"minecraft:golden_hoe":26,"minecraft:blast_furnace":1,"minecraft:end_stone":6,"minecraft:shears":2,"minecraft:string":1,"minecraft:bread":9,"minecraft:deepslate":9,"minecraft:gravel":4,"minecraft:golden_helmet":1,"minecraft:diamond_sword":275,"minecraft:smithing_table":1,"minecraft:andesite":1,"minecraft:bone_meal":18,"minecraft:experience_bottle":2,"minecraft:netherite_sword":109,"minecraft:stone_sword":55,"minecraft:flint_and_steel":14,"minecraft:stone_shovel":203,"minecraft:sculk":2,"minecraft:stone_hoe":52,"minecraft:netherrack":444,"minecraft:torch":2,"minecraft:dirt":499,"minecraft:anvil":1,"minecraft:diamond_helmet":2,"minecraft:golden_shovel":32,"minecraft:granite":2,"minecraft:chipped_anvil":1,"minecraft:iron_axe":139,"minecraft:polished_blackstone_brick_stairs":1,"minecraft:smooth_basalt":5,"minecraft:diamond_chestplate":1,"minecraft:light_gray_wool":1,"minecraft:basalt":146,"minecraft:golden_carrot":17,"minecraft:beef":4,"minecraft:netherite_pickaxe":359,"minecraft:cooked_beef":38,"minecraft:red_dye":1,"minecraft:cobbled_deepslate":132,"minecraft:pumpkin":2,"minecraft:calcite":9,"minecraft:cooked_mutton":46,"minecraft:water_bucket":107,"minecraft:amethyst_block":4,"minecraft:netherite_chestplate":1,"minecraft:baked_potato":2,"minecraft:glow_ink_sac":4,"minecraft:polished_blackstone_bricks":56,"minecraft:crafting_table":5,"minecraft:white_bed":5,"minecraft:wooden_hoe":24,"minecraft:yellow_dye":3,"minecraft:ender_eye":11,"minecraft:diamond_pickaxe":2303,"minecraft:black_wool":1,"minecraft:diamond_shovel":22,"minecraft:cracked_polished_blackstone_bricks":8,"minecraft:iron_pickaxe":404,"minecraft:netherite_axe":22,"minecraft:golden_leggings":3,"minecraft:stone_axe":79,"minecraft:cobblestone":166,"minecraft:porkchop":4,"minecraft:cooked_porkchop":43,"minecraft:bucket":135,"minecraft:yellow_bed":3,"minecraft:gray_wool":1,"minecraft:jukebox":1,"minecraft:soul_torch":5},"minecraft:custom":{"minecraft:interact_with_crafting_table":37,"minecraft:open_barrel":2,"minecraft:bell_ring":25,"minecraft:leave_game":4,"minecraft:time_since_death":291226,"minecraft:sprint_one_cm":1198105,"minecraft:damage_blocked_by_shield":3301,"minecraft:drop":445,"minecraft:talked_to_villager":434,"minecraft:play_time":534292,"minecraft:deaths":5,"minecraft:jump":13291,"minecraft:walk_on_water_one_cm":57368,"minecraft:interact_with_furnace":34,"minecraft:play_record":3,"minecraft:traded_with_villager":846,"minecraft:sleep_in_bed":14,"minecraft:damage_dealt":46044,"minecraft:crouch_one_cm":100251,"minecraft:interact_with_smithing_table":10,"minecraft:interact_with_anvil":6,"minecraft:mob_kills":265,"minecraft:climb_one_cm":3414,"minecraft:walk_one_cm":872927,"minecraft:sneak_time":36756,"minecraft:walk_under_water_one_cm":23853,"minecraft:interact_with_blast_furnace":19,"minecraft:total_world_time":534292,"minecraft:time_since_rest":55298,"minecraft:damage_taken":11038,"minecraft:swim_one_cm":85995,"minecraft:fly_one_cm":2518878,"minecraft:open_chest":299,"minecraft:fall_one_cm":432691},"minecraft:crafted":{"minecraft:oak_planks":352,"minecraft:oak_sign":24,"minecraft:blaze_powder":12,"minecraft:cooked_mutton":9,"minecraft:bow":11,"minecraft:iron_boots":1,"minecraft:chest":16,"minecraft:ender_eye":11,"minecraft:arrow":64,"minecraft:emerald":775,"minecraft:cooked_porkchop":22,"minecraft:diamond_axe":5,"minecraft:crafting_table":3,"minecraft:iron_helmet":1,"minecraft:wooden_pickaxe":1,"minecraft:baked_potato":2,"minecraft:smithing_table":1,"minecraft:wooden_hoe":1,"minecraft:diamond_pickaxe":1,"minecraft:yellow_dye":4,"minecraft:shield":1,"minecraft:stick":36,"minecraft:iron_ingot":71,"minecraft:iron_pickaxe":3,"minecraft:iron_block":3,"minecraft:stone_sword":1,"minecraft:shears":1,"minecraft:stone_shovel":14,"minecraft:netherite_sword":1,"minecraft:jukebox":1,"minecraft:furnace":2,"minecraft:bone_meal":18,"minecraft:netherite_axe":1,"minecraft:netherite_leggings":1,"minecraft:iron_axe":5,"minecraft:stone_pickaxe":1,"minecraft:wheat":216,"minecraft:cooked_beef":24,"minecraft:red_dye":1,"minecraft:diamond_sword":1,"minecraft:iron_sword":1,"minecraft:bucket":1,"minecraft:stone_axe":13,"minecraft:enchanted_book":3,"minecraft:bread":168,"minecraft:air":0,"minecraft:white_wool":384,"minecraft:netherite_shovel":1,"minecraft:anvil":1,"minecraft:white_bed":2,"minecraft:music_disc_5":1,"minecraft:diamond_chestplate":1,"minecraft:firework_rocket":36},"minecraft:mined":{"minecraft:white_bed":3,"minecraft:sculk_vein":20,"minecraft:brewing_stand":1,"minecraft:obsidian":4,"minecraft:carved_pumpkin":2,"minecraft:granite":14,"minecraft:budding_amethyst":2,"minecraft:grass_block":133,"minecraft:cracked_polished_blackstone_bricks":11,"minecraft:deepslate_tile_stairs":2,"minecraft:composter":8,"minecraft:crimson_fungus":1,"minecraft:polished_blackstone_bricks":39,"minecraft:tall_seagrass":1,"minecraft:magma_block":15,"minecraft:sculk_catalyst":2,"minecraft:iron_ore":105,"minecraft:cobbled_deepslate":1,"minecraft:fire":32,"minecraft:pumpkin":2,"minecraft:deepslate_lapis_ore":3,"minecraft:twisting_vines":1,"minecraft:oak_sign":4,"minecraft:tripwire":3,"minecraft:deepslate_redstone_ore":8,"minecraft:blackstone":113,"minecraft:twisting_vines_plant":1,"minecraft:soul_fire":1,"minecraft:amethyst_cluster":2,"minecraft:clay":12,"minecraft:calcite":9,"minecraft:poppy":1,"minecraft:chest":12,"minecraft:nether_quartz_ore":302,"minecraft:cobblestone":10,"minecraft:oak_planks":1,"minecraft:sugar_cane":11,"minecraft:amethyst_block":4,"minecraft:white_terracotta":2,"minecraft:wheat":8,"minecraft:warped_fungus":1,"minecraft:oak_log":90,"minecraft:beetroots":1,"minecraft:sand":137,"minecraft:dirt":250,"minecraft:smooth_basalt":5,"minecraft:ancient_debris":2,"minecraft:netherrack":1083,"minecraft:oak_leaves":3,"minecraft:deepslate":324,"minecraft:nether_gold_ore":1,"minecraft:diamond_ore":1,"minecraft:tuff":119,"minecraft:deepslate_diamond_ore":66,"minecraft:nether_bricks":116,"minecraft:crimson_roots":2,"minecraft:hay_block":45,"minecraft:furnace":1,"minecraft:carrots":7,"minecraft:andesite":28,"minecraft:gold_block":18,"minecraft:nether_brick_fence":3,"minecraft:potatoes":99,"minecraft:vine":1,"minecraft:stone":291,"minecraft:bone_block":41,"minecraft:white_wool":14,"minecraft:smithing_table":1,"minecraft:basalt":191,"minecraft:dandelion":4,"minecraft:cornflower":3,"minecraft:crafting_table":2,"minecraft:short_grass":109,"minecraft:warped_roots":5,"minecraft:sculk_sensor":7,"minecraft:tall_grass":9,"minecraft:deepslate_coal_ore":9,"minecraft:deepslate_gold_ore":35,"minecraft:lapis_ore":4,"minecraft:lily_pad":1,"minecraft:sculk":387,"minecraft:diorite":12,"minecraft:yellow_bed":3,"minecraft:coal_ore":77,"minecraft:gravel":9,"minecraft:cobweb":1,"minecraft:gold_ore":1,"minecraft:chipped_anvil":1,"minecraft:deepslate_emerald_ore":3,"minecraft:fern":2},"minecraft:dropped":{"minecraft:iron_sword":2,"minecraft:candle":1,"minecraft:diamond_axe":1,"minecraft:warped_fungus":1,"minecraft:oak_log":1,"minecraft:diamond":49,"minecraft:netherite_upgrade_smithing_template":1,"minecraft:warped_roots":6,"minecraft:leather":12,"minecraft:flint":5,"minecraft:deepslate_tile_stairs":2,"minecraft:cracked_polished_blackstone_bricks":2,"minecraft:dirt":28,"minecraft:stone_button":2,"minecraft:gold_nugget":17,"minecraft:amethyst_shard":1,"minecraft:sand":4,"minecraft:polished_blackstone_bricks":42,"minecraft:iron_pickaxe":1,"minecraft:white_wool":2,"minecraft:bone":24,"minecraft:gravel":6,"minecraft:stone_axe":15,"minecraft:compass":1,"minecraft:blackstone":1,"minecraft:cooked_chicken":4,"minecraft:cobbled_deepslate":370,"minecraft:twisting_vines":18,"minecraft:wheat":9,"minecraft:beetroot":1,"minecraft:rotten_flesh":12,"minecraft:glowstone_dust":2,"minecraft:nether_brick_fence":3,"minecraft:carrot":23,"minecraft:echo_shard":5,"minecraft:poppy":8,"minecraft:leather_chestplate":3,"minecraft:tipped_arrow":68,"minecraft:gunpowder":32,"minecraft:beetroot_seeds":1,"minecraft:chest":3,"minecraft:basalt":62,"minecraft:arrow":312,"minecraft:quartz":711,"minecraft:netherrack":506,"minecraft:stone_hoe":1,"minecraft:bread":96,"minecraft:wheat_seeds":54,"minecraft:clock":1,"minecraft:diamond_leggings":1,"minecraft:poisonous_potato":2,"minecraft:iron_helmet":1,"minecraft:feather":2,"minecraft:cobblestone":116,"minecraft:book":6,"minecraft:granite":6,"minecraft:chainmail_helmet":4,"minecraft:coal":15,"minecraft:golden_carrot":50,"minecraft:wooden_hoe":1,"minecraft:diamond_helmet":1,"minecraft:iron_leggings":2,"minecraft:pumpkin":2,"minecraft:iron_axe":1,"minecraft:iron_shovel":1,"minecraft:chainmail_leggings":5,"minecraft:string":1582,"minecraft:redstone":6,"minecraft:raw_copper":12,"minecraft:deepslate":16,"minecraft:tuff":10,"minecraft:raw_iron":4,"minecraft:stone_shovel":12,"minecraft:chicken":1,"minecraft:clay_ball":40,"minecraft:iron_boots":4,"minecraft:white_terracotta":1,"minecraft:shears":1,"minecraft:flint_and_steel":1,"minecraft:diamond_sword":1,"minecraft:stone":4,"minecraft:shield":1,"minecraft:diamond_chestplate":1,"minecraft:diamond_pickaxe":2,"minecraft:andesite":3,"minecraft:golden_leggings":5,"minecraft:carved_pumpkin":2,"minecraft:spider_eye":5,"minecraft:diamond_boots":1,"minecraft:bow":37,"minecraft:stone_pickaxe":2,"minecraft:wooden_pickaxe":1,"minecraft:raw_gold":1,"minecraft:magma_cream":21,"minecraft:magma_block":18,"minecraft:black_wool":2},"minecraft:broken":{"minecraft:golden_shovel":1,"minecraft:stone_shovel":1,"minecraft:shield":1},"minecraft:killed":{"minecraft:zombified_piglin":3,"minecraft:witch":2,"minecraft:spider":8,"minecraft:skeleton":25,"minecraft:chicken":2,"minecraft:piglin_brute":3,"minecraft:magma_cube":22,"minecraft:piglin":11,"minecraft:pig":17,"minecraft:zombie_villager":2,"minecraft:iron_golem":12,"minecraft:ender_dragon":1,"minecraft:creeper":3,"minecraft:sheep":31,"minecraft:zombie":48,"minecraft:ghast":2,"minecraft:glow_squid":2,"minecraft:blaze":20,"minecraft:cow":15,"minecraft:slime":3,"minecraft:phantom":1,"minecraft:hoglin":1,"minecraft:wither_skeleton":6,"minecraft:enderman":18},"minecraft:killed_by":{"minecraft:creeper":2,"minecraft:iron_golem":2}},"DataVersion":3953}