{"stats":{"minecraft:picked_up":{"minecraft:stripped_oak_log":8,"minecraft:leather":1,"minecraft:oak_stairs":1,"minecraft:flint":14,"minecraft:oak_log":24,"minecraft:gunpowder":2,"minecraft:string":2176,"minecraft:bow":4,"minecraft:diamond_leggings":2,"minecraft:wheat_seeds":3,"minecraft:beef":3,"minecraft:diamond_helmet":1,"minecraft:poppy":7,"minecraft:sugar_cane":12,"minecraft:oak_planks":2,"minecraft:egg":4,"minecraft:stick":2,"minecraft:oak_fence":2,"minecraft:chainmail_leggings":14,"minecraft:diamond_boots":2,"minecraft:chainmail_helmet":1,"minecraft:oak_sapling":3},"minecraft:used":{"minecraft:oak_fence":50,"minecraft:water_bucket":2,"minecraft:flint_and_steel":10,"minecraft:oak_planks":3,"minecraft:diamond_axe":44,"minecraft:sugar_cane":1,"minecraft:bread":2,"minecraft:string":16,"minecraft:oak_sapling":3,"minecraft:bucket":3},"minecraft:custom":{"minecraft:mob_kills":2,"minecraft:traded_with_villager":309,"minecraft:interact_with_crafting_table":5,"minecraft:leave_game":1,"minecraft:time_since_death":32479,"minecraft:sleep_in_bed":3,"minecraft:time_since_rest":2382,"minecraft:sprint_one_cm":90241,"minecraft:damage_taken":106,"minecraft:walk_one_cm":81659,"minecraft:drop":99,"minecraft:damage_dealt":312,"minecraft:swim_one_cm":2504,"minecraft:talked_to_villager":101,"minecraft:fly_one_cm":82866,"minecraft:open_chest":29,"minecraft:crouch_one_cm":690,"minecraft:play_time":32479,"minecraft:sneak_time":188,"minecraft:walk_under_water_one_cm":176,"minecraft:jump":408,"minecraft:interact_with_blast_furnace":1,"minecraft:walk_on_water_one_cm":1586,"minecraft:total_world_time":32479,"minecraft:fall_one_cm":11666},"minecraft:mined":{"minecraft:oak_fence":2,"minecraft:short_grass":8,"minecraft:poppy":1,"minecraft:tall_grass":4,"minecraft:oak_planks":2,"minecraft:sugar_cane":11,"minecraft:wall_torch":1,"minecraft:carrots":1,"minecraft:fire":10,"minecraft:oak_log":25,"minecraft:oak_stairs":1,"minecraft:stripped_oak_log":8,"minecraft:oak_leaves":38,"minecraft:tripwire":14},"minecraft:crafted":{"minecraft:oak_planks":128,"minecraft:chainmail_helmet":12,"minecraft:emerald":198,"minecraft:arrow":480,"minecraft:bucket":1,"minecraft:bread":96,"minecraft:air":0,"minecraft:flint_and_steel":1,"minecraft:diamond_helmet":2,"minecraft:diamond_leggings":2,"minecraft:bow":26,"minecraft:iron_boots":8,"minecraft:book":1,"minecraft:paper":3,"minecraft:stick":52,"minecraft:diamond_boots":2,"minecraft:oak_fence":75,"minecraft:chainmail_leggings":12,"minecraft:diamond_chestplate":1},"minecraft:dropped":{"minecraft:wheat_seeds":2,"minecraft:diamond_leggings":3,"minecraft:iron_boots":8,"minecraft:oak_planks":1,"minecraft:chainmail_helmet":13,"minecraft:flint":14,"minecraft:poppy":7,"minecraft:diamond_helmet":2,"minecraft:oak_stairs":1,"minecraft:diamond_boots":3,"minecraft:bow":30,"minecraft:chainmail_leggings":26,"minecraft:string":64,"minecraft:egg":1},"minecraft:killed":{"minecraft:creeper":1,"minecraft:cow":1}},"DataVersion":3953}