{"stats":{"minecraft:dropped":{"minecraft:poppy":5,"minecraft:diamond_leggings":3,"minecraft:diamond_helmet":2,"minecraft:iron_boots":8,"minecraft:diamond_boots":3,"minecraft:bow":30,"minecraft:chainmail_leggings":26,"minecraft:string":64,"minecraft:chainmail_helmet":13,"minecraft:flint":14},"minecraft:used":{"minecraft:water_bucket":2,"minecraft:flint_and_steel":10,"minecraft:string":16,"minecraft:bucket":3},"minecraft:picked_up":{"minecraft:flint":14,"minecraft:string":1617,"minecraft:bow":4,"minecraft:diamond_leggings":2,"minecraft:diamond_boots":2,"minecraft:chainmail_leggings":14,"minecraft:poppy":5,"minecraft:chainmail_helmet":1,"minecraft:diamond_helmet":1},"minecraft:crafted":{"minecraft:chainmail_helmet":12,"minecraft:diamond_helmet":2,"minecraft:emerald":58,"minecraft:arrow":480,"minecraft:bow":26,"minecraft:diamond_leggings":2,"minecraft:iron_boots":8,"minecraft:diamond_boots":2,"minecraft:bucket":1,"minecraft:chainmail_leggings":12,"minecraft:air":0,"minecraft:diamond_chestplate":1,"minecraft:flint_and_steel":1},"minecraft:mined":{"minecraft:fire":10,"minecraft:tripwire":13},"minecraft:custom":{"minecraft:time_since_rest":2096,"minecraft:sprint_one_cm":26091,"minecraft:damage_taken":67,"minecraft:walk_one_cm":36078,"minecraft:drop":93,"minecraft:damage_dealt":12,"minecraft:traded_with_villager":153,"minecraft:talked_to_villager":77,"minecraft:interact_with_crafting_table":1,"minecraft:fly_one_cm":10556,"minecraft:open_chest":8,"minecraft:crouch_one_cm":304,"minecraft:play_time":14718,"minecraft:sneak_time":85,"minecraft:jump":91,"minecraft:interact_with_blast_furnace":1,"minecraft:leave_game":1,"minecraft:sleep_in_bed":1,"minecraft:time_since_death":14718,"minecraft:total_world_time":14718,"minecraft:fall_one_cm":2985}},"DataVersion":3953}