{"stats":{"minecraft:picked_up":{"minecraft:stripped_oak_log":16,"minecraft:leather":1,"minecraft:oak_stairs":1,"minecraft:flint":14,"minecraft:oak_log":32,"minecraft:gunpowder":2,"minecraft:dirt":156,"minecraft:string":2196,"minecraft:bow":4,"minecraft:wheat_seeds":4,"minecraft:diamond_leggings":2,"minecraft:beef":3,"minecraft:poppy":7,"minecraft:diamond_helmet":1,"minecraft:lectern":146,"minecraft:sugar_cane":49,"minecraft:oak_planks":12,"minecraft:egg":13,"minecraft:book":18,"minecraft:stick":2,"minecraft:oak_fence":2,"minecraft:torch":9,"minecraft:dandelion":1,"minecraft:porkchop":3,"minecraft:blast_furnace":3,"minecraft:chainmail_leggings":14,"minecraft:diamond_boots":2,"minecraft:chainmail_helmet":1,"minecraft:gold_ingot":35,"minecraft:bread":5,"minecraft:oak_sapling":4,"minecraft:mutton":1,"minecraft:coal":23,"minecraft:diamond_pickaxe":1},"minecraft:used":{"minecraft:oak_fence":50,"minecraft:water_bucket":2,"minecraft:flint_and_steel":10,"minecraft:oak_planks":15,"minecraft:sugar_cane":6,"minecraft:diamond_axe":231,"minecraft:torch":10,"minecraft:dirt":3,"minecraft:blast_furnace":1,"minecraft:diamond_pickaxe":2,"minecraft:string":17,"minecraft:bread":8,"minecraft:diamond_shovel":159,"minecraft:bookshelf":6,"minecraft:lectern":162,"minecraft:oak_sapling":3,"minecraft:bucket":3,"minecraft:bone_meal":13},"minecraft:custom":{"minecraft:interact_with_furnace":1,"minecraft:mob_kills":4,"minecraft:traded_with_villager":426,"minecraft:interact_with_crafting_table":18,"minecraft:leave_game":3,"minecraft:time_since_death":93289,"minecraft:sleep_in_bed":7,"minecraft:time_since_rest":6898,"minecraft:sprint_one_cm":232178,"minecraft:damage_taken":145,"minecraft:walk_one_cm":300376,"minecraft:drop":158,"minecraft:damage_dealt":482,"minecraft:swim_one_cm":6456,"minecraft:talked_to_villager":307,"minecraft:fly_one_cm":168083,"minecraft:open_chest":61,"minecraft:crouch_one_cm":821,"minecraft:play_time":93289,"minecraft:sneak_time":216,"minecraft:walk_under_water_one_cm":363,"minecraft:jump":882,"minecraft:interact_with_blast_furnace":1,"minecraft:walk_on_water_one_cm":2473,"minecraft:total_world_time":93289,"minecraft:fall_one_cm":21690},"minecraft:mined":{"minecraft:dandelion":1,"minecraft:oak_fence":2,"minecraft:short_grass":15,"minecraft:blast_furnace":2,"minecraft:poppy":1,"minecraft:lectern":145,"minecraft:tall_grass":5,"minecraft:oak_planks":12,"minecraft:sugar_cane":32,"minecraft:wall_torch":4,"minecraft:seagrass":1,"minecraft:tall_seagrass":1,"minecraft:carrots":1,"minecraft:fire":10,"minecraft:bookshelf":6,"minecraft:oak_log":34,"minecraft:oak_stairs":1,"minecraft:dirt":156,"minecraft:stripped_oak_log":16,"minecraft:oak_leaves":43,"minecraft:tripwire":15},"minecraft:crafted":{"minecraft:sugar":3,"minecraft:oak_slab":78,"minecraft:oak_planks":192,"minecraft:chainmail_helmet":12,"minecraft:emerald":270,"minecraft:arrow":480,"minecraft:smooth_stone_slab":6,"minecraft:bone_meal":36,"minecraft:bucket":1,"minecraft:diamond_shovel":1,"minecraft:bookshelf":24,"minecraft:enchanted_book":17,"minecraft:bread":132,"minecraft:air":0,"minecraft:flint_and_steel":1,"minecraft:lectern":18,"minecraft:diamond_helmet":2,"minecraft:diamond_leggings":2,"minecraft:bow":26,"minecraft:iron_boots":8,"minecraft:book":13,"minecraft:paper":39,"minecraft:diamond_pickaxe":1,"minecraft:stick":56,"minecraft:diamond_boots":2,"minecraft:torch":8,"minecraft:oak_fence":75,"minecraft:chainmail_leggings":12,"minecraft:diamond_chestplate":1},"minecraft:dropped":{"minecraft:bread":43,"minecraft:wheat_seeds":3,"minecraft:smooth_stone_slab":6,"minecraft:diamond_leggings":3,"minecraft:oak_planks":1,"minecraft:iron_boots":8,"minecraft:chainmail_helmet":13,"minecraft:blast_furnace":1,"minecraft:flint":14,"minecraft:poppy":7,"minecraft:torch":4,"minecraft:diamond_pickaxe":1,"minecraft:oak_sapling":1,"minecraft:diamond_helmet":2,"minecraft:oak_stairs":1,"minecraft:diamond_boots":3,"minecraft:bow":30,"minecraft:chainmail_leggings":26,"minecraft:string":64,"minecraft:dandelion":1,"minecraft:lectern":1,"minecraft:egg":1},"minecraft:killed":{"minecraft:pig":1,"minecraft:creeper":1,"minecraft:sheep":1,"minecraft:cow":1}},"DataVersion":3953}