{"stats":{"minecraft:used":{"minecraft:oak_fence":50,"minecraft:flint_and_steel":10,"minecraft:chest":9,"minecraft:torch":39,"minecraft:dirt":83,"minecraft:anvil":1,"minecraft:tuff":15,"minecraft:granite":4,"minecraft:bookshelf":22,"minecraft:iron_axe":255,"minecraft:diamond_chestplate":1,"minecraft:bow":3,"minecraft:oak_sapling":3,"minecraft:egg":8,"minecraft:cobbled_deepslate":36,"minecraft:water_bucket":5,"minecraft:diorite":4,"minecraft:oak_planks":16,"minecraft:stonecutter":1,"minecraft:sugar_cane":6,"minecraft:diamond_axe":258,"minecraft:fletching_table":21,"minecraft:white_wool":74,"minecraft:blast_furnace":1,"minecraft:white_bed":29,"minecraft:diamond_pickaxe":283,"minecraft:diamond_shovel":293,"minecraft:bread":16,"minecraft:string":20,"minecraft:iron_pickaxe":2,"minecraft:lectern":316,"minecraft:gravel":2,"minecraft:diamond_sword":43,"minecraft:cobblestone":10,"minecraft:grindstone":2,"minecraft:andesite":10,"minecraft:bucket":7,"minecraft:pumpkin_pie":20,"minecraft:bone_meal":13},"minecraft:killed":{"minecraft:spider":4,"minecraft:skeleton":12,"minecraft:chicken":1,"minecraft:pig":1,"minecraft:creeper":5,"minecraft:sheep":1,"minecraft:zombie":14,"minecraft:cow":1},"minecraft:mined":{"minecraft:tuff":15,"minecraft:white_bed":7,"minecraft:deepslate_diamond_ore":26,"minecraft:granite":4,"minecraft:grass_block":9,"minecraft:oxeye_daisy":1,"minecraft:tall_seagrass":1,"minecraft:raw_iron_block":1,"minecraft:carrots":1,"minecraft:iron_ore":17,"minecraft:fire":10,"minecraft:andesite":10,"minecraft:fletching_table":21,"minecraft:azure_bluet":1,"minecraft:bookshelf":22,"minecraft:deepslate_iron_ore":22,"minecraft:oak_stairs":1,"minecraft:stripped_oak_log":16,"minecraft:stone":36,"minecraft:white_wool":14,"minecraft:tripwire":19,"minecraft:dandelion":4,"minecraft:oak_fence":2,"minecraft:torch":4,"minecraft:short_grass":29,"minecraft:blast_furnace":2,"minecraft:poppy":2,"minecraft:chest":1,"minecraft:lectern":289,"minecraft:cobblestone":1,"minecraft:tall_grass":10,"minecraft:copper_ore":1,"minecraft:deepslate_gold_ore":37,"minecraft:sugar_cane":33,"minecraft:oak_planks":14,"minecraft:diorite":4,"minecraft:wall_torch":4,"minecraft:seagrass":1,"minecraft:oak_log":126,"minecraft:coal_ore":24,"minecraft:gravel":2,"minecraft:dirt":311,"minecraft:oak_leaves":52,"minecraft:deepslate":83},"minecraft:picked_up":{"minecraft:azure_bluet":1,"minecraft:chicken":3,"minecraft:oak_stairs":1,"minecraft:enchanted_book":1,"minecraft:string":30942,"minecraft:raw_copper":4,"minecraft:iron_axe":1,"minecraft:diamond_leggings":2,"minecraft:cobbled_deepslate":76,"minecraft:beef":3,"minecraft:poppy":8,"minecraft:lectern":289,"minecraft:sugar_cane":55,"minecraft:chest":1,"minecraft:egg":28,"minecraft:stick":2,"minecraft:raw_iron":94,"minecraft:oak_fence":2,"minecraft:torch":18,"minecraft:porkchop":3,"minecraft:diorite":4,"minecraft:arrow":30,"minecraft:rotten_flesh":13,"minecraft:diamond_boots":2,"minecraft:gold_ingot":35,"minecraft:mutton":1,"minecraft:white_wool":14,"minecraft:cobblestone":37,"minecraft:oxeye_daisy":1,"minecraft:stripped_oak_log":16,"minecraft:feather":4,"minecraft:andesite":10,"minecraft:leather":1,"minecraft:flint":14,"minecraft:tuff":15,"minecraft:oak_log":124,"minecraft:gunpowder":6,"minecraft:dirt":324,"minecraft:bone":22,"minecraft:bow":5,"minecraft:wheat_seeds":5,"minecraft:raw_gold":72,"minecraft:diamond_helmet":1,"minecraft:fletching_table":21,"minecraft:oak_planks":14,"minecraft:book":66,"minecraft:oak_slab":14,"minecraft:dandelion":4,"minecraft:gravel":2,"minecraft:raw_iron_block":1,"minecraft:blast_furnace":3,"minecraft:white_bed":7,"minecraft:spider_eye":14,"minecraft:diamond":54,"minecraft:chainmail_leggings":14,"minecraft:granite":4,"minecraft:bread":9,"minecraft:chainmail_helmet":1,"minecraft:oak_sapling":4,"minecraft:coal":77,"minecraft:diamond_pickaxe":1},"minecraft:custom":{"minecraft:interact_with_anvil":46,"minecraft:mob_kills":39,"minecraft:interact_with_crafting_table":40,"minecraft:bell_ring":12,"minecraft:leave_game":5,"minecraft:time_since_death":225592,"minecraft:sprint_one_cm":825187,"minecraft:walk_one_cm":834527,"minecraft:drop":486,"minecraft:talked_to_villager":983,"minecraft:play_time":319214,"minecraft:deaths":1,"minecraft:sneak_time":1545,"minecraft:walk_under_water_one_cm":5045,"minecraft:jump":3324,"minecraft:interact_with_blast_furnace":4,"minecraft:walk_on_water_one_cm":19484,"minecraft:total_world_time":341397,"minecraft:interact_with_furnace":9,"minecraft:traded_with_villager":2289,"minecraft:interact_with_grindstone":31,"minecraft:interact_with_stonecutter":1,"minecraft:sleep_in_bed":27,"minecraft:time_since_rest":14749,"minecraft:damage_taken":1004,"minecraft:damage_dealt":6579,"minecraft:swim_one_cm":38028,"minecraft:fly_one_cm":598784,"minecraft:open_chest":272,"minecraft:crouch_one_cm":5436,"minecraft:fall_one_cm":76319},"minecraft:crafted":{"minecraft:grindstone":2,"minecraft:oak_planks":384,"minecraft:chainmail_helmet":12,"minecraft:raw_iron":9,"minecraft:smooth_stone_slab":6,"minecraft:stone":1,"minecraft:bone_meal":36,"minecraft:diamond_shovel":2,"minecraft:bookshelf":51,"minecraft:flint_and_steel":1,"minecraft:diamond_helmet":6,"minecraft:bow":50,"minecraft:diamond_leggings":2,"minecraft:iron_boots":9,"minecraft:chest":8,"minecraft:diamond_boots":3,"minecraft:oak_fence":75,"minecraft:chainmail_leggings":13,"minecraft:wheat":144,"minecraft:sugar":3,"minecraft:oak_slab":144,"minecraft:diamond_sword":4,"minecraft:arrow":480,"minecraft:emerald":1988,"minecraft:diamond_axe":1,"minecraft:iron_helmet":1,"minecraft:baked_potato":14,"minecraft:bucket":1,"minecraft:enchanted_book":60,"minecraft:bread":378,"minecraft:air":0,"minecraft:lectern":29,"minecraft:white_wool":128,"minecraft:book":13,"minecraft:paper":39,"minecraft:diamond_pickaxe":7,"minecraft:stick":108,"minecraft:iron_ingot":32,"minecraft:iron_block":3,"minecraft:anvil":1,"minecraft:white_bed":22,"minecraft:pumpkin_pie":36,"minecraft:torch":120,"minecraft:diamond_chestplate":4},"minecraft:dropped":{"minecraft:enchanted_book":2,"minecraft:iron_ingot":1,"minecraft:bread":285,"minecraft:iron_sword":1,"minecraft:oak_slab":34,"minecraft:wheat_seeds":4,"minecraft:baked_potato":14,"minecraft:crafting_table":1,"minecraft:diamond_leggings":3,"minecraft:feather":4,"minecraft:iron_helmet":1,"minecraft:chainmail_helmet":13,"minecraft:flint":14,"minecraft:stick":31,"minecraft:oxeye_daisy":1,"minecraft:dirt":88,"minecraft:torch":7,"minecraft:diamond_helmet":2,"minecraft:oak_stairs":1,"minecraft:iron_axe":2,"minecraft:iron_pickaxe":1,"minecraft:chainmail_leggings":26,"minecraft:string":395,"minecraft:white_wool":2,"minecraft:dandelion":4,"minecraft:bone":22,"minecraft:sugar_cane":6,"minecraft:raw_copper":4,"minecraft:smooth_stone_slab":6,"minecraft:chicken":3,"minecraft:rotten_flesh":13,"minecraft:iron_boots":8,"minecraft:oak_planks":1,"minecraft:azure_bluet":1,"minecraft:blast_furnace":1,"minecraft:poppy":8,"minecraft:gunpowder":4,"minecraft:diamond_pickaxe":1,"minecraft:oak_sapling":1,"minecraft:spider_eye":14,"minecraft:diamond_boots":3,"minecraft:arrow":95,"minecraft:bow":31,"minecraft:lectern":1,"minecraft:egg":6}},"DataVersion":3821}