{"stats":{"minecraft:picked_up":{"minecraft:stripped_oak_log":16,"minecraft:leather":1,"minecraft:oak_stairs":1,"minecraft:flint":14,"minecraft:oak_log":32,"minecraft:gunpowder":2,"minecraft:dirt":21,"minecraft:string":2176,"minecraft:bow":4,"minecraft:diamond_leggings":2,"minecraft:wheat_seeds":4,"minecraft:beef":3,"minecraft:diamond_helmet":1,"minecraft:poppy":7,"minecraft:lectern":7,"minecraft:sugar_cane":35,"minecraft:oak_planks":2,"minecraft:egg":6,"minecraft:book":12,"minecraft:stick":2,"minecraft:oak_fence":2,"minecraft:porkchop":3,"minecraft:dandelion":1,"minecraft:chainmail_leggings":14,"minecraft:diamond_boots":2,"minecraft:chainmail_helmet":1,"minecraft:oak_sapling":4,"minecraft:mutton":1},"minecraft:used":{"minecraft:oak_fence":50,"minecraft:water_bucket":2,"minecraft:flint_and_steel":10,"minecraft:oak_planks":3,"minecraft:diamond_axe":79,"minecraft:sugar_cane":2,"minecraft:diamond_shovel":25,"minecraft:bookshelf":4,"minecraft:bread":5,"minecraft:string":16,"minecraft:lectern":7,"minecraft:oak_sapling":3,"minecraft:bucket":3,"minecraft:bone_meal":13},"minecraft:custom":{"minecraft:mob_kills":4,"minecraft:traded_with_villager":339,"minecraft:interact_with_crafting_table":12,"minecraft:leave_game":1,"minecraft:time_since_death":44479,"minecraft:sleep_in_bed":3,"minecraft:time_since_rest":14382,"minecraft:sprint_one_cm":131493,"minecraft:damage_taken":135,"minecraft:walk_one_cm":106073,"minecraft:drop":102,"minecraft:damage_dealt":462,"minecraft:swim_one_cm":6456,"minecraft:talked_to_villager":116,"minecraft:fly_one_cm":153790,"minecraft:open_chest":38,"minecraft:crouch_one_cm":798,"minecraft:play_time":44479,"minecraft:sneak_time":205,"minecraft:walk_under_water_one_cm":363,"minecraft:jump":706,"minecraft:interact_with_blast_furnace":1,"minecraft:walk_on_water_one_cm":2473,"minecraft:total_world_time":44479,"minecraft:fall_one_cm":18318},"minecraft:mined":{"minecraft:dandelion":1,"minecraft:oak_fence":2,"minecraft:short_grass":15,"minecraft:poppy":1,"minecraft:lectern":7,"minecraft:tall_grass":5,"minecraft:oak_planks":2,"minecraft:sugar_cane":24,"minecraft:wall_torch":1,"minecraft:seagrass":1,"minecraft:tall_seagrass":1,"minecraft:carrots":1,"minecraft:fire":10,"minecraft:bookshelf":4,"minecraft:oak_log":34,"minecraft:oak_stairs":1,"minecraft:dirt":25,"minecraft:stripped_oak_log":16,"minecraft:oak_leaves":43,"minecraft:tripwire":14},"minecraft:crafted":{"minecraft:sugar":3,"minecraft:oak_slab":24,"minecraft:oak_planks":192,"minecraft:chainmail_helmet":12,"minecraft:emerald":222,"minecraft:arrow":480,"minecraft:bone_meal":36,"minecraft:bucket":1,"minecraft:diamond_shovel":1,"minecraft:enchanted_book":2,"minecraft:bookshelf":7,"minecraft:bread":96,"minecraft:air":0,"minecraft:flint_and_steel":1,"minecraft:lectern":3,"minecraft:diamond_helmet":2,"minecraft:diamond_leggings":2,"minecraft:bow":26,"minecraft:iron_boots":8,"minecraft:book":10,"minecraft:paper":30,"minecraft:stick":56,"minecraft:diamond_boots":2,"minecraft:oak_fence":75,"minecraft:chainmail_leggings":12,"minecraft:diamond_chestplate":1},"minecraft:dropped":{"minecraft:wheat_seeds":3,"minecraft:diamond_leggings":3,"minecraft:iron_boots":8,"minecraft:oak_planks":1,"minecraft:chainmail_helmet":13,"minecraft:flint":14,"minecraft:poppy":7,"minecraft:oak_sapling":1,"minecraft:diamond_helmet":2,"minecraft:oak_stairs":1,"minecraft:diamond_boots":3,"minecraft:bow":30,"minecraft:chainmail_leggings":26,"minecraft:string":64,"minecraft:dandelion":1,"minecraft:egg":1},"minecraft:killed":{"minecraft:pig":1,"minecraft:creeper":1,"minecraft:sheep":1,"minecraft:cow":1}},"DataVersion":3953}