{"stats":{"minecraft:picked_up":{"minecraft:flint":14,"minecraft:string":2176,"minecraft:bow":4,"minecraft:diamond_leggings":2,"minecraft:chainmail_leggings":14,"minecraft:diamond_boots":2,"minecraft:poppy":5,"minecraft:chainmail_helmet":1,"minecraft:diamond_helmet":1,"minecraft:egg":1},"minecraft:used":{"minecraft:water_bucket":2,"minecraft:flint_and_steel":10,"minecraft:string":16,"minecraft:bucket":3},"minecraft:custom":{"minecraft:time_since_rest":7857,"minecraft:sprint_one_cm":35482,"minecraft:damage_taken":67,"minecraft:walk_one_cm":49835,"minecraft:drop":93,"minecraft:damage_dealt":12,"minecraft:traded_with_villager":281,"minecraft:interact_with_crafting_table":1,"minecraft:talked_to_villager":91,"minecraft:fly_one_cm":14548,"minecraft:open_chest":20,"minecraft:crouch_one_cm":565,"minecraft:play_time":20479,"minecraft:sneak_time":168,"minecraft:jump":125,"minecraft:interact_with_blast_furnace":1,"minecraft:leave_game":1,"minecraft:walk_on_water_one_cm":826,"minecraft:time_since_death":20479,"minecraft:sleep_in_bed":1,"minecraft:total_world_time":20479,"minecraft:fall_one_cm":3194},"minecraft:mined":{"minecraft:fire":10,"minecraft:tripwire":14},"minecraft:crafted":{"minecraft:chainmail_helmet":12,"minecraft:bow":26,"minecraft:arrow":480,"minecraft:diamond_helmet":2,"minecraft:emerald":170,"minecraft:diamond_leggings":2,"minecraft:iron_boots":8,"minecraft:diamond_boots":2,"minecraft:bucket":1,"minecraft:chainmail_leggings":12,"minecraft:bread":96,"minecraft:air":0,"minecraft:diamond_chestplate":1,"minecraft:flint_and_steel":1},"minecraft:dropped":{"minecraft:poppy":5,"minecraft:diamond_leggings":3,"minecraft:diamond_helmet":2,"minecraft:iron_boots":8,"minecraft:diamond_boots":3,"minecraft:bow":30,"minecraft:chainmail_leggings":26,"minecraft:string":64,"minecraft:chainmail_helmet":13,"minecraft:flint":14}},"DataVersion":3953}