{"stats":{"minecraft:dropped":{"minecraft:bread":107,"minecraft:wheat_seeds":12,"minecraft:apple":2,"minecraft:dirt":42,"minecraft:iron_shovel":2,"minecraft:string":832,"minecraft:white_wool":1,"minecraft:dandelion":1,"minecraft:cauldron":4,"minecraft:gravel":11,"minecraft:iron_nugget":7,"minecraft:composter":1,"minecraft:stone_shovel":1,"minecraft:shears":1,"minecraft:flint_and_steel":1,"minecraft:poppy":1,"minecraft:potato":3,"minecraft:golden_leggings":1,"minecraft:bow":47,"minecraft:wooden_pickaxe":1},"minecraft:used":{"minecraft:oak_trapdoor":6,"minecraft:iron_shovel":250,"minecraft:stone_shovel":21,"minecraft:shield":18,"minecraft:bell":1,"minecraft:stone_hoe":24,"minecraft:torch":12,"minecraft:dirt":165,"minecraft:iron_axe":181,"minecraft:tripwire_hook":4,"minecraft:hay_block":3,"minecraft:cooked_beef":6,"minecraft:water_bucket":6,"minecraft:stone_pickaxe":61,"minecraft:leather_chestplate":1,"minecraft:wooden_pickaxe":5,"minecraft:composter":18,"minecraft:fletching_table":7,"minecraft:crafting_table":3,"minecraft:blast_furnace":1,"minecraft:white_bed":22,"minecraft:shears":9,"minecraft:lever":2,"minecraft:bread":17,"minecraft:string":16,"minecraft:bucket":6,"minecraft:yellow_bed":2,"minecraft:oak_boat":1},"minecraft:killed_by":{"minecraft:iron_golem":3},"minecraft:crafted":{"minecraft:oak_planks":388,"minecraft:tripwire_hook":2,"minecraft:lever":1,"minecraft:cooked_mutton":16,"minecraft:oak_trapdoor":2,"minecraft:flint_and_steel":1,"minecraft:bow":29,"minecraft:iron_axe":1,"minecraft:stone_pickaxe":1,"minecraft:stone_hoe":1,"minecraft:wheat":144,"minecraft:cooked_beef":6,"minecraft:arrow":192,"minecraft:emerald":210,"minecraft:crafting_table":2,"minecraft:wooden_pickaxe":1,"minecraft:fletching_table":6,"minecraft:bucket":1,"minecraft:bread":150,"minecraft:air":0,"minecraft:oak_boat":1,"minecraft:white_wool":33,"minecraft:shield":1,"minecraft:stick":516,"minecraft:flint":70,"minecraft:iron_ingot":43,"minecraft:iron_shovel":2,"minecraft:white_bed":11,"minecraft:torch":12,"minecraft:shears":1},"minecraft:picked_up":{"minecraft:crafting_table":4,"minecraft:wheat":4,"minecraft:shield":3,"minecraft:cornflower":1,"minecraft:string":8901,"minecraft:oak_trapdoor":4,"minecraft:iron_axe":2,"minecraft:iron_shovel":3,"minecraft:smooth_stone":3,"minecraft:bucket":3,"minecraft:beef":8,"minecraft:poppy":3,"minecraft:stick":69,"minecraft:raw_iron":10,"minecraft:composter":21,"minecraft:torch":9,"minecraft:diorite":6,"minecraft:cauldron":5,"minecraft:stone_sword":1,"minecraft:arrow":196,"minecraft:rotten_flesh":13,"minecraft:golden_hoe":1,"minecraft:shears":4,"minecraft:hay_block":19,"minecraft:carved_pumpkin":1,"minecraft:mutton":18,"minecraft:white_wool":18,"minecraft:cobblestone":12,"minecraft:stripped_oak_log":8,"minecraft:leather_chestplate":2,"minecraft:cooked_beef":3,"minecraft:tripwire_hook":2,"minecraft:andesite":1,"minecraft:leather":11,"minecraft:golden_leggings":1,"minecraft:flint":24,"minecraft:oak_log":89,"minecraft:yellow_bed":2,"minecraft:dirt":193,"minecraft:bone":7,"minecraft:stonecutter":2,"minecraft:bow":19,"minecraft:wheat_seeds":45,"minecraft:bell":2,"minecraft:iron_ingot":103,"minecraft:stone_pickaxe":2,"minecraft:fletching_table":1,"minecraft:stone_hoe":1,"minecraft:dandelion":1,"minecraft:gravel":81,"minecraft:blast_furnace":2,"minecraft:white_bed":11,"minecraft:grass_block":1,"minecraft:spider_eye":1,"minecraft:stone_axe":1,"minecraft:lever":1,"minecraft:emerald":122,"minecraft:coal":18},"minecraft:mined":{"minecraft:white_bed":11,"minecraft:grass_block":49,"minecraft:composter":20,"minecraft:hay_block":20,"minecraft:smooth_stone":3,"minecraft:oak_trapdoor":4,"minecraft:carrots":2,"minecraft:iron_ore":10,"minecraft:andesite":1,"minecraft:fletching_table":1,"minecraft:bell":2,"minecraft:water_cauldron":8,"minecraft:stripped_oak_log":8,"minecraft:stone":9,"minecraft:tripwire":2,"minecraft:crafting_table":2,"minecraft:short_grass":48,"minecraft:blast_furnace":2,"minecraft:tall_grass":7,"minecraft:wall_torch":3,"minecraft:wheat":2,"minecraft:yellow_bed":2,"minecraft:oak_log":89,"minecraft:coal_ore":18,"minecraft:gravel":92,"minecraft:dirt":140,"minecraft:tripwire_hook":2,"minecraft:stonecutter":1,"minecraft:oak_leaves":1},"minecraft:custom":{"minecraft:mob_kills":23,"minecraft:interact_with_crafting_table":30,"minecraft:bell_ring":13,"minecraft:leave_game":1,"minecraft:time_since_death":8993,"minecraft:sprint_one_cm":305044,"minecraft:walk_one_cm":197313,"minecraft:damage_blocked_by_shield":210,"minecraft:drop":196,"minecraft:talked_to_villager":111,"minecraft:play_time":94932,"minecraft:deaths":3,"minecraft:sneak_time":1929,"minecraft:walk_under_water_one_cm":1246,"minecraft:jump":1689,"minecraft:interact_with_blast_furnace":5,"minecraft:walk_on_water_one_cm":9000,"minecraft:total_world_time":94932,"minecraft:interact_with_furnace":5,"minecraft:traded_with_villager":275,"minecraft:sleep_in_bed":8,"minecraft:time_since_rest":9029,"minecraft:damage_taken":2526,"minecraft:damage_dealt":4135,"minecraft:swim_one_cm":3172,"minecraft:fly_one_cm":309909,"minecraft:open_chest":26,"minecraft:crouch_one_cm":5009,"minecraft:fall_one_cm":50888},"minecraft:killed":{"minecraft:spider":2,"minecraft:iron_golem":1,"minecraft:sheep":9,"minecraft:zombie":2,"minecraft:villager":2,"minecraft:cow":5}},"DataVersion":3953}