{"stats":{"minecraft:picked_up":{"minecraft:shulker_shell":4,"minecraft:wheat":4,"minecraft:nether_brick_fence":3,"minecraft:smithing_table":7,"minecraft:golden_sword":1,"minecraft:amethyst_block":2,"minecraft:string":16197,"minecraft:smooth_stone":3,"minecraft:gold_nugget":434,"minecraft:cobbled_deepslate":293,"minecraft:bucket":3,"minecraft:netherite_upgrade_smithing_template":1,"minecraft:furnace":5,"minecraft:tipped_arrow":1,"minecraft:stick":97,"minecraft:composter":21,"minecraft:torch":11,"minecraft:diorite":22,"minecraft:cauldron":5,"minecraft:stone_sword":3,"minecraft:rotten_flesh":50,"minecraft:tropical_fish":6,"minecraft:carved_pumpkin":7,"minecraft:end_rod":3,"minecraft:blaze_rod":29,"minecraft:iron_bars":8,"minecraft:snowball":4,"minecraft:cobblestone":246,"minecraft:magma_block":21,"minecraft:leather_chestplate":2,"minecraft:cooked_beef":3,"minecraft:feather":12,"minecraft:lilac":1,"minecraft:andesite":5,"minecraft:golden_leggings":1,"minecraft:potato":1,"minecraft:flint":24,"minecraft:tuff":16,"minecraft:dirt":1596,"minecraft:disc_fragment_5":1,"minecraft:twisting_vines":52,"minecraft:bone":102,"minecraft:chipped_anvil":1,"minecraft:bow":20,"minecraft:stonecutter":2,"minecraft:wheat_seeds":79,"minecraft:bell":2,"minecraft:grindstone":7,"minecraft:fletching_table":9,"minecraft:stone_hoe":1,"minecraft:oak_planks":10,"minecraft:chiseled_polished_blackstone":2,"minecraft:grass_block":234,"minecraft:barrel":10,"minecraft:diamond":211,"minecraft:lever":1,"minecraft:cracked_polished_blackstone_bricks":97,"minecraft:granite":1,"minecraft:emerald":129,"minecraft:chorus_fruit":11,"minecraft:netherrack":1066,"minecraft:crimson_roots":4,"minecraft:diamond_pickaxe":2,"minecraft:crafting_table":10,"minecraft:azure_bluet":5,"minecraft:chicken":1,"minecraft:nether_wart":14,"minecraft:clay_ball":16,"minecraft:golden_pickaxe":1,"minecraft:brown_mushroom":2,"minecraft:gold_block":28,"minecraft:shield":3,"minecraft:cornflower":1,"minecraft:oak_trapdoor":4,"minecraft:iron_axe":2,"minecraft:iron_shovel":4,"minecraft:blackstone":157,"minecraft:beef":10,"minecraft:music_disc_otherside":17,"minecraft:echo_shard":1,"minecraft:poppy":4,"minecraft:chest":1,"minecraft:egg":12,"minecraft:copper_ore":23,"minecraft:raw_iron":156,"minecraft:end_stone":24,"minecraft:stone":21,"minecraft:polished_blackstone_bricks":112,"minecraft:arrow":242,"minecraft:golden_hoe":1,"minecraft:nether_bricks":14,"minecraft:shears":4,"minecraft:hay_block":19,"minecraft:mutton":19,"minecraft:skeleton_skull":2,"minecraft:white_wool":100,"minecraft:oxeye_daisy":2,"minecraft:stripped_oak_log":8,"minecraft:basalt":172,"minecraft:golden_carrot":2,"minecraft:glow_ink_sac":6,"minecraft:tripwire_hook":2,"minecraft:leather":12,"minecraft:red_mushroom":1,"minecraft:oak_log":183,"minecraft:lily_pad":2,"minecraft:ancient_debris":149,"minecraft:yellow_bed":2,"minecraft:gunpowder":37,"minecraft:cobblestone_stairs":1,"minecraft:cooked_mutton":6,"minecraft:stone_bricks":2,"minecraft:iron_ingot":119,"minecraft:stone_pickaxe":2,"minecraft:cooked_chicken":13,"minecraft:iron_sword":1,"minecraft:book":73,"minecraft:oak_slab":30,"minecraft:warped_fungus":2,"minecraft:emerald_block":6,"minecraft:pumpkin":12,"minecraft:quartz":575,"minecraft:dandelion":17,"minecraft:gravel":85,"minecraft:blast_furnace":7,"minecraft:white_bed":11,"minecraft:spider_eye":6,"minecraft:pumpkin_seeds":24,"minecraft:stone_axe":1,"minecraft:warped_roots":2,"minecraft:black_wool":2,"minecraft:warped_nylium":4,"minecraft:coal":286,"minecraft:ender_pearl":56},"minecraft:used":{"minecraft:iron_shovel":250,"minecraft:diamond_hoe":435,"minecraft:chest":5,"minecraft:shield":18,"minecraft:bell":1,"minecraft:rotten_flesh":2,"minecraft:nether_bricks":14,"minecraft:tuff":16,"minecraft:axolotl_bucket":3,"minecraft:lava_bucket":28,"minecraft:netherite_shovel":9,"minecraft:grass_block":41,"minecraft:warped_nylium":1,"minecraft:netherite_hoe":67,"minecraft:bow":284,"minecraft:hay_block":3,"minecraft:furnace":7,"minecraft:egg":7,"minecraft:diorite":12,"minecraft:diamond_boots":1,"minecraft:oak_planks":1,"minecraft:stone_pickaxe":61,"minecraft:ender_pearl":41,"minecraft:blackstone":80,"minecraft:wooden_pickaxe":5,"minecraft:leather_chestplate":1,"minecraft:composter":18,"minecraft:diamond_axe":141,"minecraft:golden_apple":1,"minecraft:white_wool":413,"minecraft:blast_furnace":7,"minecraft:end_stone":22,"minecraft:shears":15,"minecraft:lever":2,"minecraft:bread":17,"minecraft:string":69,"minecraft:gravel":2,"minecraft:lilac":1,"minecraft:diamond_sword":174,"minecraft:grindstone":7,"minecraft:smithing_table":9,"minecraft:oak_boat":1,"minecraft:tropical_fish_bucket":2,"minecraft:oak_fence":18,"minecraft:oak_trapdoor":6,"minecraft:netherite_sword":185,"minecraft:stone_shovel":21,"minecraft:stone_hoe":24,"minecraft:netherrack":586,"minecraft:torch":12,"minecraft:dirt":253,"minecraft:anvil":2,"minecraft:twisting_vines":3,"minecraft:diamond_helmet":2,"minecraft:bookshelf":17,"minecraft:iron_axe":197,"minecraft:barrel":11,"minecraft:diamond_chestplate":2,"minecraft:tripwire_hook":4,"minecraft:basalt":172,"minecraft:golden_carrot":122,"minecraft:emerald_block":25,"minecraft:netherite_pickaxe":506,"minecraft:cooked_beef":6,"minecraft:cobbled_deepslate":243,"minecraft:pumpkin":9,"minecraft:water_bucket":188,"minecraft:netherite_chestplate":1,"minecraft:fletching_table":14,"minecraft:polished_blackstone_bricks":64,"minecraft:crafting_table":18,"minecraft:red_mushroom":1,"minecraft:white_bed":28,"minecraft:oak_log":54,"minecraft:diamond_pickaxe":6374,"minecraft:diamond_shovel":1529,"minecraft:cracked_polished_blackstone_bricks":93,"minecraft:suspicious_stew":3,"minecraft:netherite_axe":37,"minecraft:cobblestone":179,"minecraft:end_crystal":12,"minecraft:bucket":232,"minecraft:pumpkin_pie":64,"minecraft:yellow_bed":2,"minecraft:dandelion":1,"minecraft:diamond_leggings":2},"minecraft:custom":{"minecraft:interact_with_crafting_table":102,"minecraft:open_barrel":71,"minecraft:bell_ring":13,"minecraft:leave_game":48,"minecraft:time_since_death":762987,"minecraft:damage_resisted":6,"minecraft:sprint_one_cm":2658147,"minecraft:damage_blocked_by_shield":210,"minecraft:drop":615,"minecraft:talked_to_villager":860,"minecraft:play_time":848926,"minecraft:deaths":3,"minecraft:jump":15832,"minecraft:walk_on_water_one_cm":64240,"minecraft:interact_with_furnace":74,"minecraft:play_record":17,"minecraft:traded_with_villager":1659,"minecraft:sleep_in_bed":39,"minecraft:damage_dealt":38331,"minecraft:crouch_one_cm":50361,"minecraft:interact_with_smithing_table":11,"minecraft:interact_with_anvil":75,"minecraft:mob_kills":228,"minecraft:climb_one_cm":3819,"minecraft:walk_one_cm":1689703,"minecraft:sneak_time":18864,"minecraft:walk_under_water_one_cm":71978,"minecraft:interact_with_blast_furnace":31,"minecraft:total_world_time":893260,"minecraft:interact_with_grindstone":105,"minecraft:time_since_rest":73617,"minecraft:damage_absorbed":40,"minecraft:damage_taken":12412,"minecraft:swim_one_cm":110409,"minecraft:fly_one_cm":2892101,"minecraft:open_chest":1183,"minecraft:fall_one_cm":474812},"minecraft:crafted":{"minecraft:smooth_stone":6,"minecraft:oak_planks":660,"minecraft:barrel":3,"minecraft:stone":6,"minecraft:lever":1,"minecraft:diamond_shovel":38,"minecraft:bookshelf":17,"minecraft:suspicious_stew":5,"minecraft:cooked_mutton":16,"minecraft:quartz_block":41,"minecraft:glass":60,"minecraft:diamond_helmet":29,"minecraft:bow":32,"minecraft:diamond_leggings":32,"minecraft:tipped_arrow":680,"minecraft:chest":4,"minecraft:netherite_upgrade_smithing_template":40,"minecraft:stone_hoe":1,"minecraft:oak_slab":36,"minecraft:arrow":1024,"minecraft:emerald":5991,"minecraft:diamond_axe":33,"minecraft:crafting_table":11,"minecraft:wooden_pickaxe":1,"minecraft:smithing_table":2,"minecraft:fletching_table":6,"minecraft:diamond_pickaxe":18,"minecraft:emerald_block":28,"minecraft:shield":1,"minecraft:stick":660,"minecraft:netherite_hoe":1,"minecraft:iron_ingot":223,"minecraft:iron_pickaxe":5,"minecraft:iron_block":6,"minecraft:gold_ingot":58,"minecraft:netherite_ingot":19,"minecraft:shears":2,"minecraft:golden_carrot":270,"minecraft:stone_shovel":11,"minecraft:tripwire_hook":2,"minecraft:netherite_sword":1,"minecraft:diamond_hoe":24,"minecraft:furnace":4,"minecraft:blast_furnace":1,"minecraft:flint_and_steel":1,"minecraft:oak_trapdoor":2,"minecraft:netherite_chestplate":1,"minecraft:netherite_axe":1,"minecraft:iron_axe":1,"minecraft:stone_pickaxe":1,"minecraft:diamond_boots":29,"minecraft:netherite_scrap":84,"minecraft:wheat":144,"minecraft:cooked_beef":6,"minecraft:netherite_pickaxe":1,"minecraft:diamond_sword":9,"minecraft:bucket":12,"minecraft:enchanted_book":51,"minecraft:bread":150,"minecraft:air":0,"minecraft:oak_boat":1,"minecraft:white_wool":951,"minecraft:flint":70,"minecraft:netherite_shovel":1,"minecraft:iron_shovel":5,"minecraft:anvil":2,"minecraft:white_bed":17,"minecraft:pumpkin_pie":48,"minecraft:torch":12,"minecraft:diamond_chestplate":29},"minecraft:mined":{"minecraft:large_amethyst_bud":3,"minecraft:white_bed":11,"minecraft:cobblestone_stairs":1,"minecraft:sculk_vein":31,"minecraft:carved_pumpkin":6,"minecraft:granite":2,"minecraft:chiseled_polished_blackstone":11,"minecraft:grass_block":914,"minecraft:cracked_polished_blackstone_bricks":146,"minecraft:composter":20,"minecraft:nether_wart":6,"minecraft:gilded_blackstone":1,"minecraft:spawner":1,"minecraft:weeping_vines_plant":2,"minecraft:smooth_stone":3,"minecraft:polished_blackstone_bricks":308,"minecraft:tall_seagrass":1,"minecraft:magma_block":21,"minecraft:sculk_catalyst":6,"minecraft:iron_ore":77,"minecraft:barrel":10,"minecraft:cobbled_deepslate":30,"minecraft:fire":23,"minecraft:pumpkin":13,"minecraft:fletching_table":9,"minecraft:twisting_vines":5,"minecraft:sculk_shrieker":41,"minecraft:water_cauldron":8,"minecraft:dirt_path":75,"minecraft:small_amethyst_bud":1,"minecraft:iron_bars":1,"minecraft:tripwire":54,"minecraft:blackstone":245,"minecraft:twisting_vines_plant":26,"minecraft:medium_amethyst_bud":1,"minecraft:soul_fire":2,"minecraft:clay":6,"minecraft:blast_furnace":7,"minecraft:chest":22,"minecraft:dead_bush":1,"minecraft:nether_quartz_ore":445,"minecraft:cobblestone":37,"minecraft:grindstone":7,"minecraft:oak_planks":1,"minecraft:wall_torch":3,"minecraft:amethyst_block":3,"minecraft:skeleton_skull":2,"minecraft:warped_nylium":30,"minecraft:wheat":2,"minecraft:lilac":1,"minecraft:warped_fungus":3,"minecraft:cracked_deepslate_tiles":1,"minecraft:oak_log":184,"minecraft:dirt":737,"minecraft:tripwire_hook":2,"minecraft:stonecutter":1,"minecraft:netherrack":4087,"minecraft:ancient_debris":79,"minecraft:oak_leaves":3,"minecraft:deepslate":495,"minecraft:emerald_block":1,"minecraft:nether_gold_ore":68,"minecraft:deepslate_tiles":3,"minecraft:tuff":26,"minecraft:mossy_cobblestone":2,"minecraft:deepslate_diamond_ore":75,"minecraft:end_stone":27,"minecraft:nether_bricks":15,"minecraft:crimson_roots":2,"minecraft:red_mushroom":1,"minecraft:hay_block":20,"minecraft:oak_trapdoor":4,"minecraft:furnace":5,"minecraft:carrots":2,"minecraft:nether_sprouts":1,"minecraft:polished_basalt":1,"minecraft:andesite":6,"minecraft:gold_block":28,"minecraft:bell":2,"minecraft:polished_deepslate":3,"minecraft:bookshelf":16,"minecraft:potatoes":2,"minecraft:deepslate_iron_ore":11,"minecraft:stripped_oak_log":8,"minecraft:chorus_plant":2,"minecraft:stone":255,"minecraft:white_wool":16,"minecraft:smithing_table":7,"minecraft:glass_pane":1,"minecraft:magenta_stained_glass":2,"minecraft:basalt":187,"minecraft:dandelion":2,"minecraft:crafting_table":9,"minecraft:short_grass":129,"minecraft:warped_roots":2,"minecraft:sculk_sensor":151,"minecraft:copper_ore":24,"minecraft:tall_grass":32,"minecraft:deepslate_gold_ore":1,"minecraft:polished_blackstone_brick_stairs":2,"minecraft:sculk":285,"minecraft:diorite":17,"minecraft:sweet_berry_bush":2,"minecraft:yellow_bed":2,"minecraft:coal_ore":77,"minecraft:end_rod":3,"minecraft:gravel":105,"minecraft:stone_bricks":2,"minecraft:chipped_anvil":1,"minecraft:fern":2},"minecraft:dropped":{"minecraft:iron_sword":1,"minecraft:porkchop":3,"minecraft:diamond_axe":1,"minecraft:warped_fungus":2,"minecraft:glow_ink_sac":12,"minecraft:golden_pickaxe":1,"minecraft:ender_pearl":14,"minecraft:netherite_upgrade_smithing_template":10,"minecraft:warped_roots":1,"minecraft:leather":1,"minecraft:flint":14,"minecraft:emerald":22,"minecraft:cobblestone_stairs":1,"minecraft:cracked_polished_blackstone_bricks":4,"minecraft:dirt":742,"minecraft:yellow_dye":1,"minecraft:cornflower":3,"minecraft:mutton":8,"minecraft:snowball":4,"minecraft:chain":1,"minecraft:gold_nugget":3,"minecraft:sugar":4,"minecraft:iron_pickaxe":4,"minecraft:white_wool":221,"minecraft:bone":21,"minecraft:cauldron":4,"minecraft:gravel":13,"minecraft:chiseled_polished_blackstone":2,"minecraft:blackstone":8,"minecraft:sugar_cane":1,"minecraft:cooked_chicken":13,"minecraft:iron_nugget":7,"minecraft:cobbled_deepslate":11,"minecraft:twisting_vines":8,"minecraft:wheat":2,"minecraft:obsidian":1,"minecraft:rotten_flesh":24,"minecraft:oak_planks":21,"minecraft:glowstone_dust":1,"minecraft:azure_bluet":5,"minecraft:poppy":2,"minecraft:tipped_arrow":1,"minecraft:gunpowder":10,"minecraft:basalt":3,"minecraft:arrow":301,"minecraft:beef":5,"minecraft:quartz":516,"minecraft:netherrack":584,"minecraft:egg":4,"minecraft:golden_boots":1,"minecraft:iron_ingot":1,"minecraft:bread":107,"minecraft:oak_slab":30,"minecraft:wheat_seeds":64,"minecraft:smithing_table":1,"minecraft:oak_fence":9,"minecraft:feather":12,"minecraft:cobblestone":11,"minecraft:book":1,"minecraft:amethyst_block":2,"minecraft:apple":2,"minecraft:granite":1,"minecraft:grass_block":3,"minecraft:coal":6,"minecraft:oxeye_daisy":2,"minecraft:diorite":10,"minecraft:torch":91,"minecraft:lodestone":1,"minecraft:pumpkin":3,"minecraft:golden_hoe":1,"minecraft:iron_axe":2,"minecraft:smooth_stone":3,"minecraft:iron_shovel":6,"minecraft:chainmail_leggings":1,"minecraft:string":1173,"minecraft:lily_pad":2,"minecraft:dandelion":16,"minecraft:furnace":1,"minecraft:warped_nylium":3,"minecraft:netherite_ingot":7,"minecraft:stone_sword":1,"minecraft:bowl":3,"minecraft:deepslate":5,"minecraft:composter":2,"minecraft:stone_shovel":12,"minecraft:chicken":1,"minecraft:clay_ball":8,"minecraft:iron_boots":1,"minecraft:oak_sign":4,"minecraft:shears":1,"minecraft:pumpkin_seeds":32,"minecraft:suspicious_stew":2,"minecraft:flint_and_steel":1,"minecraft:copper_ore":23,"minecraft:potato":4,"minecraft:stone":21,"minecraft:diamond_pickaxe":2,"minecraft:andesite":5,"minecraft:golden_leggings":2,"minecraft:golden_sword":1,"minecraft:carved_pumpkin":6,"minecraft:spider_eye":7,"minecraft:barrel":2,"minecraft:stone_bricks":2,"minecraft:slime_ball":2,"minecraft:bow":48,"minecraft:wooden_pickaxe":1,"minecraft:raw_gold":8},"minecraft:killed":{"minecraft:spider":9,"minecraft:shulker":6,"minecraft:skeleton":23,"minecraft:chicken":3,"minecraft:silverfish":1,"minecraft:piglin_brute":8,"minecraft:piglin":22,"minecraft:zombie_villager":1,"minecraft:iron_golem":1,"minecraft:ender_dragon":2,"minecraft:creeper":5,"minecraft:sheep":11,"minecraft:zombie":39,"minecraft:ghast":1,"minecraft:blaze":17,"minecraft:cow":7,"minecraft:phantom":1,"minecraft:hoglin":2,"minecraft:wither_skeleton":22,"minecraft:villager":2,"minecraft:enderman":29},"minecraft:killed_by":{"minecraft:iron_golem":3}},"DataVersion":3953}