{"stats":{"minecraft:killed":{"minecraft:cave_spider":4,"minecraft:shulker":46,"minecraft:skeleton":77,"minecraft:chicken":4,"minecraft:magma_cube":3,"minecraft:iron_golem":1,"minecraft:ender_dragon":2,"minecraft:zombie":125,"minecraft:cow":10,"minecraft:polar_bear":1,"minecraft:enderman":32,"minecraft:witch":1,"minecraft:zombified_piglin":9,"minecraft:spider":37,"minecraft:wither":1,"minecraft:bee":1,"minecraft:silverfish":1,"minecraft:piglin_brute":8,"minecraft:piglin":22,"minecraft:zombie_villager":3,"minecraft:creeper":51,"minecraft:sheep":15,"minecraft:ghast":4,"minecraft:blaze":27,"minecraft:slime":31,"minecraft:phantom":6,"minecraft:hoglin":2,"minecraft:wither_skeleton":64,"minecraft:villager":2},"minecraft:picked_up":{"minecraft:smithing_table":7,"minecraft:golden_sword":1,"minecraft:amethyst_block":2,"minecraft:string":19494,"minecraft:gold_nugget":454,"minecraft:cobbled_deepslate":492,"minecraft:netherite_upgrade_smithing_template":1,"minecraft:composter":21,"minecraft:purpur_pillar":3,"minecraft:cauldron":5,"minecraft:stone_sword":6,"minecraft:tropical_fish":6,"minecraft:carved_pumpkin":7,"minecraft:end_rod":22,"minecraft:blaze_rod":46,"minecraft:iron_bars":11,"minecraft:snowball":4,"minecraft:magma_block":21,"minecraft:feather":12,"minecraft:cooked_beef":3,"minecraft:flint":25,"minecraft:disc_fragment_5":1,"minecraft:twisting_vines":52,"minecraft:chipped_anvil":2,"minecraft:stonecutter":5,"minecraft:chiseled_polished_blackstone":2,"minecraft:dropper":4,"minecraft:barrel":10,"minecraft:deepslate":1,"minecraft:lever":1,"minecraft:granite":367,"minecraft:crimson_roots":4,"minecraft:diamond_pickaxe":2,"minecraft:crafting_table":14,"minecraft:nether_wart":14,"minecraft:clay_ball":16,"minecraft:golden_pickaxe":2,"minecraft:purpur_block":2,"minecraft:cornflower":1,"minecraft:elytra":6,"minecraft:white_carpet":5,"minecraft:iron_shovel":4,"minecraft:netherite_sword":4,"minecraft:music_disc_otherside":17,"minecraft:beef":10,"minecraft:poppy":4,"minecraft:chest":7,"minecraft:piston":9,"minecraft:egg":17,"minecraft:copper_ore":27,"minecraft:stone":4069,"minecraft:redstone":529,"minecraft:shears":4,"minecraft:hay_block":19,"minecraft:mutton":22,"minecraft:white_wool":106,"minecraft:oxeye_daisy":2,"minecraft:stripped_oak_log":8,"minecraft:birch_leaves":2,"minecraft:tripwire_hook":3,"minecraft:red_mushroom":1,"minecraft:oak_log":564,"minecraft:lily_pad":2,"minecraft:ancient_debris":149,"minecraft:stone_bricks":12,"minecraft:stone_pickaxe":2,"minecraft:iron_ore":59,"minecraft:iron_sword":1,"minecraft:gravel":87,"minecraft:diamond_shovel":2,"minecraft:coal_ore":48,"minecraft:slime_ball":57,"minecraft:stone_axe":1,"minecraft:polished_diorite":1,"minecraft:redstone_ore":4,"minecraft:warped_roots":2,"minecraft:oak_button":1,"minecraft:baked_potato":1,"minecraft:warped_nylium":4,"minecraft:hopper":9,"minecraft:ender_pearl":59,"minecraft:shulker_shell":33,"minecraft:wheat":4,"minecraft:nether_brick_fence":3,"minecraft:potion":1,"minecraft:smooth_stone_slab":17,"minecraft:smooth_stone":16,"minecraft:comparator":18,"minecraft:bucket":3,"minecraft:furnace":7,"minecraft:deepslate_iron_ore":4,"minecraft:tipped_arrow":1,"minecraft:stick":108,"minecraft:oak_fence":6,"minecraft:torch":11,"minecraft:pointed_dripstone":2,"minecraft:diorite":238,"minecraft:rotten_flesh":119,"minecraft:obsidian":44,"minecraft:cobblestone":2720,"minecraft:leather_chestplate":2,"minecraft:lilac":2,"minecraft:andesite":16,"minecraft:beacon":1,"minecraft:golden_leggings":1,"minecraft:potato":1,"minecraft:tuff":206,"minecraft:wither_skeleton_skull":2,"minecraft:dirt":4733,"minecraft:bone":243,"minecraft:bow":22,"minecraft:wheat_seeds":164,"minecraft:raw_gold":11,"minecraft:bell":2,"minecraft:grindstone":7,"minecraft:netherite_axe":1,"minecraft:fletching_table":9,"minecraft:powered_rail":1,"minecraft:stone_hoe":1,"minecraft:oak_planks":18,"minecraft:ghast_tear":5,"minecraft:sand":13,"minecraft:grass_block":817,"minecraft:shulker_box":35,"minecraft:diamond":267,"minecraft:cracked_polished_blackstone_bricks":97,"minecraft:emerald":131,"minecraft:oak_sapling":3,"minecraft:chorus_fruit":11,"minecraft:netherrack":1102,"minecraft:oak_leaves":225,"minecraft:nether_star":1,"minecraft:end_stone_bricks":2,"minecraft:azure_bluet":7,"minecraft:chicken":1,"minecraft:brown_mushroom":2,"minecraft:packed_ice":256,"minecraft:gold_block":31,"minecraft:shield":3,"minecraft:oak_trapdoor":6,"minecraft:iron_axe":2,"minecraft:item_frame":5,"minecraft:blackstone":157,"minecraft:echo_shard":1,"minecraft:observer":7,"minecraft:phantom_membrane":20,"minecraft:raw_iron":853,"minecraft:end_stone":32,"minecraft:note_block":2,"minecraft:polished_blackstone_bricks":112,"minecraft:arrow":309,"minecraft:golden_hoe":1,"minecraft:nether_bricks":14,"minecraft:skeleton_skull":2,"minecraft:basalt":172,"minecraft:golden_carrot":3,"minecraft:magenta_banner":2,"minecraft:glow_ink_sac":6,"minecraft:leather":12,"minecraft:yellow_bed":2,"minecraft:gunpowder":132,"minecraft:cobblestone_stairs":1,"minecraft:cooked_mutton":6,"minecraft:iron_ingot":119,"minecraft:cooked_chicken":13,"minecraft:soul_sand":7,"minecraft:book":73,"minecraft:oak_slab":30,"minecraft:warped_fungus":2,"minecraft:emerald_block":74,"minecraft:pumpkin":12,"minecraft:dripstone_block":2,"minecraft:quartz":720,"minecraft:dandelion":21,"minecraft:raw_iron_block":4,"minecraft:blast_furnace":7,"minecraft:white_bed":12,"minecraft:spider_eye":23,"minecraft:pumpkin_seeds":24,"minecraft:black_wool":2,"minecraft:coal":423},"minecraft:custom":{"minecraft:interact_with_crafting_table":190,"minecraft:open_barrel":71,"minecraft:bell_ring":13,"minecraft:leave_game":57,"minecraft:time_since_death":1437292,"minecraft:damage_blocked_by_shield":210,"minecraft:play_time":1523297,"minecraft:deaths":3,"minecraft:jump":23686,"minecraft:interact_with_furnace":253,"minecraft:play_record":17,"minecraft:traded_with_villager":1869,"minecraft:sleep_in_bed":55,"minecraft:damage_dealt":97654,"minecraft:interact_with_smithing_table":12,"minecraft:interact_with_anvil":77,"minecraft:inspect_hopper":128,"minecraft:sneak_time":37681,"minecraft:interact_with_blast_furnace":34,"minecraft:total_world_time":1567631,"minecraft:tune_noteblock":4,"minecraft:interact_with_stonecutter":12,"minecraft:time_since_rest":10874,"minecraft:swim_one_cm":130432,"minecraft:fly_one_cm":4044252,"minecraft:open_chest":1591,"minecraft:fall_one_cm":684733,"minecraft:open_shulker_box":251,"minecraft:damage_resisted":6,"minecraft:sprint_one_cm":4840066,"minecraft:drop":1027,"minecraft:play_noteblock":3,"minecraft:talked_to_villager":917,"minecraft:interact_with_brewingstand":1,"minecraft:walk_on_water_one_cm":122846,"minecraft:open_enderchest":1,"minecraft:interact_with_beacon":8,"minecraft:crouch_one_cm":111360,"minecraft:mob_kills":617,"minecraft:climb_one_cm":6314,"minecraft:walk_one_cm":3369419,"minecraft:walk_under_water_one_cm":117730,"minecraft:interact_with_grindstone":106,"minecraft:damage_taken":17804,"minecraft:damage_absorbed":40,"minecraft:aviate_one_cm":4911909},"minecraft:used":{"minecraft:elytra":53,"minecraft:chest":30,"minecraft:stone":466,"minecraft:rotten_flesh":2,"minecraft:soul_sand":6,"minecraft:packed_ice":10,"minecraft:lava_bucket":216,"minecraft:netherite_shovel":9918,"minecraft:grass_block":73,"minecraft:netherite_hoe":67,"minecraft:stone_brick_stairs":12,"minecraft:bow":375,"minecraft:furnace":47,"minecraft:egg":8,"minecraft:dead_brain_coral_fan":2,"minecraft:diorite":18,"minecraft:chorus_fruit":2,"minecraft:powered_rail":35,"minecraft:blackstone":80,"minecraft:wooden_pickaxe":5,"minecraft:leather_chestplate":1,"minecraft:composter":20,"minecraft:oak_leaves":101,"minecraft:golden_apple":1,"minecraft:sand":9,"minecraft:blast_furnace":7,"minecraft:deepslate_iron_ore":4,"minecraft:stone_button":1,"minecraft:lilac":1,"minecraft:diamond_sword":174,"minecraft:fire_charge":1,"minecraft:smithing_table":9,"minecraft:white_stained_glass":50,"minecraft:oak_boat":2,"minecraft:oak_trapdoor":12,"minecraft:iron_bars":33,"minecraft:netherrack":586,"minecraft:torch":12,"minecraft:brewing_stand":1,"minecraft:anvil":2,"minecraft:twisting_vines":3,"minecraft:polished_diorite":1,"minecraft:chipped_anvil":2,"minecraft:iron_axe":197,"minecraft:slime_block":5,"minecraft:barrel":11,"minecraft:diamond_chestplate":2,"minecraft:basalt":172,"minecraft:tripwire_hook":7,"minecraft:cobbled_deepslate":262,"minecraft:observer":53,"minecraft:water_bucket":370,"minecraft:fletching_table":14,"minecraft:polished_blackstone_bricks":64,"minecraft:diamond_block":4,"minecraft:comparator":31,"minecraft:tnt":1,"minecraft:crafting_table":25,"minecraft:white_bed":29,"minecraft:fire_coral":1,"minecraft:oak_log":55,"minecraft:diamond_pickaxe":13277,"minecraft:diamond_shovel":17686,"minecraft:suspicious_stew":3,"minecraft:cobblestone":189,"minecraft:dandelion":1,"minecraft:diamond_leggings":2,"minecraft:iron_shovel":250,"minecraft:diamond_hoe":435,"minecraft:oak_sign":1,"minecraft:shield":18,"minecraft:bell":1,"minecraft:nether_bricks":14,"minecraft:tuff":37,"minecraft:axolotl_bucket":3,"minecraft:obsidian":31,"minecraft:warped_nylium":1,"minecraft:stone_bricks":64,"minecraft:item_frame":4,"minecraft:repeater":14,"minecraft:hay_block":3,"minecraft:gold_block":54,"minecraft:diamond_boots":1,"minecraft:dropper":45,"minecraft:wither_skeleton_skull":3,"minecraft:stone_pickaxe":61,"minecraft:oak_planks":36,"minecraft:ender_pearl":46,"minecraft:redstone_block":3,"minecraft:diamond_axe":141,"minecraft:white_wool":602,"minecraft:note_block":5,"minecraft:shears":264,"minecraft:end_stone":22,"minecraft:redstone_torch":3,"minecraft:sticky_piston":3,"minecraft:lever":4,"minecraft:firework_rocket":179,"minecraft:bread":17,"minecraft:string":79,"minecraft:gravel":2,"minecraft:grindstone":7,"minecraft:smooth_stone_slab":115,"minecraft:tropical_fish_bucket":2,"minecraft:oak_fence":48,"minecraft:netherite_sword":736,"minecraft:stone_shovel":21,"minecraft:redstone":55,"minecraft:stone_hoe":24,"minecraft:dirt":1129,"minecraft:white_carpet":4,"minecraft:hopper":118,"minecraft:diamond_helmet":2,"minecraft:shulker_box":37,"minecraft:bookshelf":17,"minecraft:golden_carrot":240,"minecraft:emerald_block":180,"minecraft:netherite_pickaxe":2036,"minecraft:cooked_beef":6,"minecraft:pumpkin":9,"minecraft:brain_coral_block":1,"minecraft:iron_ore":59,"minecraft:netherite_chestplate":52,"minecraft:beacon":2,"minecraft:stonecutter":4,"minecraft:red_mushroom":1,"minecraft:piston":17,"minecraft:dead_fire_coral":1,"minecraft:cracked_polished_blackstone_bricks":93,"minecraft:netherite_axe":496,"minecraft:end_crystal":12,"minecraft:bucket":608,"minecraft:yellow_bed":2,"minecraft:pumpkin_pie":64,"minecraft:smooth_stone":86},"minecraft:dropped":{"minecraft:iron_sword":1,"minecraft:porkchop":3,"minecraft:glow_ink_sac":12,"minecraft:warped_roots":1,"minecraft:saddle":1,"minecraft:item_frame":1,"minecraft:emerald":26,"minecraft:dirt":3470,"minecraft:yellow_dye":1,"minecraft:chain":1,"minecraft:gold_nugget":3,"minecraft:phantom_membrane":21,"minecraft:sugar":4,"minecraft:iron_pickaxe":4,"minecraft:white_wool":232,"minecraft:bone":46,"minecraft:magenta_banner":2,"minecraft:sugar_cane":2,"minecraft:iron_nugget":7,"minecraft:cooked_chicken":13,"minecraft:cobbled_deepslate":63,"minecraft:netherite_sword":2,"minecraft:wheat":2,"minecraft:obsidian":5,"minecraft:rotten_flesh":74,"minecraft:oak_planks":77,"minecraft:end_stone":10,"minecraft:glowstone_dust":1,"minecraft:azure_bluet":7,"minecraft:tipped_arrow":1,"minecraft:coal_ore":2,"minecraft:hopper":3,"minecraft:white_dye":15,"minecraft:end_stone_bricks":2,"minecraft:beef":5,"minecraft:ghast_tear":4,"minecraft:egg":7,"minecraft:iron_ingot":9,"minecraft:enchanted_book":1,"minecraft:golden_boots":1,"minecraft:birch_leaves":2,"minecraft:wheat_seeds":149,"minecraft:dripstone_block":2,"minecraft:oak_fence":14,"minecraft:feather":12,"minecraft:cobblestone":407,"minecraft:book":1,"minecraft:apple":2,"minecraft:granite":34,"minecraft:coal":21,"minecraft:oxeye_daisy":2,"minecraft:golden_carrot":1,"minecraft:lodestone":1,"minecraft:potion":3,"minecraft:pumpkin":3,"minecraft:golden_hoe":1,"minecraft:smooth_stone":3,"minecraft:chainmail_leggings":1,"minecraft:iron_shovel":6,"minecraft:string":1267,"minecraft:lily_pad":2,"minecraft:purpur_pillar":3,"minecraft:furnace":1,"minecraft:redstone_ore":4,"minecraft:netherite_ingot":7,"minecraft:stone_sword":4,"minecraft:deepslate":6,"minecraft:smooth_stone_slab":46,"minecraft:bowl":3,"minecraft:stone_shovel":12,"minecraft:chicken":1,"minecraft:white_carpet":7,"minecraft:clay_ball":8,"minecraft:iron_boots":1,"minecraft:oak_sign":22,"minecraft:shears":4,"minecraft:pumpkin_seeds":32,"minecraft:suspicious_stew":2,"minecraft:potato":121,"minecraft:stone":210,"minecraft:diamond_pickaxe":2,"minecraft:carved_pumpkin":7,"minecraft:redstone_torch":9,"minecraft:spider_eye":24,"minecraft:barrel":2,"minecraft:stone_bricks":11,"minecraft:bow":50,"minecraft:soul_sand":6,"minecraft:diamond_axe":1,"minecraft:warped_fungus":2,"minecraft:baked_potato":1,"minecraft:golden_pickaxe":3,"minecraft:ender_pearl":14,"minecraft:netherite_upgrade_smithing_template":10,"minecraft:leather":1,"minecraft:flint":15,"minecraft:cobblestone_stairs":1,"minecraft:cracked_polished_blackstone_bricks":4,"minecraft:cornflower":3,"minecraft:mutton":11,"minecraft:snowball":4,"minecraft:cauldron":5,"minecraft:gold_ingot":3,"minecraft:gravel":15,"minecraft:chiseled_polished_blackstone":2,"minecraft:purpur_block":2,"minecraft:blackstone":8,"minecraft:twisting_vines":8,"minecraft:pointed_dripstone":2,"minecraft:diamond_shovel":2,"minecraft:poppy":2,"minecraft:gunpowder":20,"minecraft:chest":1,"minecraft:basalt":3,"minecraft:iron_bars":20,"minecraft:arrow":541,"minecraft:powered_rail":16,"minecraft:quartz":517,"minecraft:oak_leaves":124,"minecraft:netherrack":620,"minecraft:firework_rocket":1,"minecraft:bread":107,"minecraft:oak_slab":70,"minecraft:lilac":1,"minecraft:smithing_table":1,"minecraft:netherite_axe":1,"minecraft:amethyst_block":2,"minecraft:tropical_fish":6,"minecraft:grass_block":622,"minecraft:stick":24,"minecraft:diorite":30,"minecraft:torch":91,"minecraft:iron_axe":2,"minecraft:dandelion":20,"minecraft:redstone":3,"minecraft:warped_nylium":3,"minecraft:tuff":1,"minecraft:composter":2,"minecraft:raw_iron":3,"minecraft:flint_and_steel":1,"minecraft:copper_ore":27,"minecraft:oak_button":2,"minecraft:andesite":16,"minecraft:golden_leggings":2,"minecraft:oak_sapling":3,"minecraft:golden_sword":1,"minecraft:slime_ball":2,"minecraft:wooden_pickaxe":1,"minecraft:raw_gold":8},"minecraft:crafted":{"minecraft:smooth_stone":166,"minecraft:oak_sign":3,"minecraft:slime_block":5,"minecraft:lever":3,"minecraft:diamond_shovel":38,"minecraft:bookshelf":17,"minecraft:cooked_mutton":16,"minecraft:shulker_box":5,"minecraft:iron_bars":32,"minecraft:glass":128,"minecraft:quartz_block":41,"minecraft:repeater":14,"minecraft:diamond_helmet":29,"minecraft:diamond_leggings":32,"minecraft:beacon":1,"minecraft:tipped_arrow":680,"minecraft:emerald":6280,"minecraft:diamond_axe":33,"minecraft:smithing_table":2,"minecraft:sticky_piston":3,"minecraft:fletching_table":6,"minecraft:iron_pickaxe":5,"minecraft:iron_block":6,"minecraft:gold_ingot":117,"minecraft:netherite_ingot":19,"minecraft:composter":2,"minecraft:golden_carrot":375,"minecraft:stone_shovel":11,"minecraft:iron_nugget":9,"minecraft:diamond_hoe":24,"minecraft:white_carpet":6,"minecraft:netherite_axe":1,"minecraft:polished_diorite":124,"minecraft:ladder":6,"minecraft:stone_pickaxe":1,"minecraft:diamond_boots":29,"minecraft:redstone_block":4,"minecraft:wheat":144,"minecraft:netherite_pickaxe":1,"minecraft:enchanted_book":51,"minecraft:white_stained_glass":64,"minecraft:flint":70,"minecraft:iron_shovel":5,"minecraft:white_bed":17,"minecraft:note_block":3,"minecraft:oak_planks":2040,"minecraft:barrel":3,"minecraft:stone":6,"minecraft:suspicious_stew":5,"minecraft:hopper":107,"minecraft:bow":32,"minecraft:comparator":13,"minecraft:chest":138,"minecraft:oak_button":1,"minecraft:netherite_upgrade_smithing_template":40,"minecraft:rail":16,"minecraft:stone_hoe":1,"minecraft:oak_fence":24,"minecraft:dropper":34,"minecraft:oak_slab":60,"minecraft:arrow":1024,"minecraft:crafting_table":15,"minecraft:wooden_pickaxe":1,"minecraft:gold_block":4,"minecraft:brewing_stand":1,"minecraft:tnt":1,"minecraft:paper":63,"minecraft:diamond_pickaxe":18,"minecraft:emerald_block":55,"minecraft:shield":1,"minecraft:stick":792,"minecraft:netherite_hoe":1,"minecraft:iron_ingot":838,"minecraft:redstone_torch":79,"minecraft:shears":5,"minecraft:raw_iron":36,"minecraft:redstone":33,"minecraft:tripwire_hook":4,"minecraft:netherite_sword":1,"minecraft:furnace":40,"minecraft:stone_button":1,"minecraft:blast_furnace":1,"minecraft:piston":10,"minecraft:diamond_block":4,"minecraft:oak_trapdoor":6,"minecraft:flint_and_steel":1,"minecraft:netherite_chestplate":1,"minecraft:iron_axe":1,"minecraft:netherite_scrap":84,"minecraft:observer":46,"minecraft:cooked_beef":6,"minecraft:diamond_sword":9,"minecraft:powered_rail":48,"minecraft:bucket":19,"minecraft:bread":150,"minecraft:air":0,"minecraft:oak_boat":2,"minecraft:white_wool":955,"minecraft:white_dye":23,"minecraft:netherite_shovel":1,"minecraft:stonecutter":2,"minecraft:anvil":2,"minecraft:pumpkin_pie":48,"minecraft:torch":12,"minecraft:diamond_chestplate":29,"minecraft:firework_rocket":198},"minecraft:mined":{"minecraft:white_bed":12,"minecraft:carved_pumpkin":6,"minecraft:obsidian":47,"minecraft:granite":379,"minecraft:chiseled_polished_blackstone":11,"minecraft:hopper":13,"minecraft:nether_wart":6,"minecraft:oxeye_daisy":1,"minecraft:spawner":1,"minecraft:polished_blackstone_bricks":308,"minecraft:weeping_vines_plant":2,"minecraft:tall_seagrass":1,"minecraft:magma_block":30,"minecraft:cobbled_deepslate":33,"minecraft:fire":32,"minecraft:barrel":10,"minecraft:pumpkin":13,"minecraft:fletching_table":9,"minecraft:twisting_vines":5,"minecraft:sculk_shrieker":41,"minecraft:water_cauldron":8,"minecraft:dirt_path":102,"minecraft:small_amethyst_bud":1,"minecraft:tripwire":57,"minecraft:soul_fire":2,"minecraft:note_block":2,"minecraft:blast_furnace":7,"minecraft:dead_bush":1,"minecraft:amethyst_block":3,"minecraft:skeleton_skull":2,"minecraft:repeater":1,"minecraft:wheat":2,"minecraft:lilac":2,"minecraft:warped_fungus":3,"minecraft:stonecutter":4,"minecraft:piston":10,"minecraft:deepslate":826,"minecraft:deepslate_tiles":3,"minecraft:mossy_cobblestone":2,"minecraft:shulker_box":35,"minecraft:end_stone":33,"minecraft:nether_bricks":16,"minecraft:crimson_roots":2,"minecraft:redstone_wire":3,"minecraft:red_mushroom":1,"minecraft:redstone_ore":24,"minecraft:andesite":36,"minecraft:potatoes":2,"minecraft:white_wool":17,"minecraft:smithing_table":7,"minecraft:glass_pane":1,"minecraft:comparator":18,"minecraft:soul_sand":8,"minecraft:observer":8,"minecraft:dandelion":4,"minecraft:fire_coral":1,"minecraft:short_grass":603,"minecraft:dropper":13,"minecraft:warped_roots":2,"minecraft:purpur_pillar":4,"minecraft:tall_grass":71,"minecraft:copper_ore":67,"minecraft:deepslate_gold_ore":6,"minecraft:diorite":248,"minecraft:birch_leaves":5,"minecraft:gravel":149,"minecraft:dripstone_block":2,"minecraft:stone_bricks":12,"minecraft:chipped_anvil":2,"minecraft:fern":2,"minecraft:large_amethyst_bud":3,"minecraft:cobblestone_stairs":1,"minecraft:sculk_vein":31,"minecraft:brewing_stand":1,"minecraft:grass_block":12478,"minecraft:cracked_polished_blackstone_bricks":146,"minecraft:polished_diorite":1,"minecraft:composter":20,"minecraft:gilded_blackstone":1,"minecraft:smooth_stone":16,"minecraft:raw_iron_block":4,"minecraft:sculk_catalyst":6,"minecraft:iron_ore":199,"minecraft:pointed_dripstone":1,"minecraft:iron_bars":15,"minecraft:end_stone_bricks":2,"minecraft:brain_coral_block":1,"minecraft:deepslate_redstone_ore":69,"minecraft:blackstone":245,"minecraft:magenta_wall_banner":2,"minecraft:twisting_vines_plant":26,"minecraft:medium_amethyst_bud":1,"minecraft:clay":6,"minecraft:beacon":1,"minecraft:chest":26,"minecraft:nether_quartz_ore":513,"minecraft:cobblestone":42,"minecraft:grindstone":7,"minecraft:oak_planks":9,"minecraft:wall_torch":3,"minecraft:warped_nylium":30,"minecraft:powered_rail":2,"minecraft:purpur_block":2,"minecraft:smooth_stone_slab":29,"minecraft:cracked_deepslate_tiles":1,"minecraft:oak_log":577,"minecraft:sand":27,"minecraft:dirt":14967,"minecraft:tripwire_hook":2,"minecraft:netherrack":4224,"minecraft:ancient_debris":79,"minecraft:oak_leaves":328,"minecraft:emerald_block":70,"minecraft:nether_gold_ore":68,"minecraft:tuff":221,"minecraft:deepslate_diamond_ore":89,"minecraft:white_stained_glass":5,"minecraft:hay_block":20,"minecraft:oak_trapdoor":9,"minecraft:furnace":9,"minecraft:carrots":2,"minecraft:polished_basalt":1,"minecraft:nether_sprouts":1,"minecraft:gold_block":31,"minecraft:bell":2,"minecraft:polished_deepslate":3,"minecraft:bookshelf":16,"minecraft:deepslate_iron_ore":284,"minecraft:stripped_oak_log":8,"minecraft:packed_ice":326,"minecraft:chorus_plant":2,"minecraft:stone":6038,"minecraft:magenta_stained_glass":2,"minecraft:basalt":187,"minecraft:crafting_table":13,"minecraft:oak_fence":12,"minecraft:sculk_sensor":151,"minecraft:polished_blackstone_brick_stairs":2,"minecraft:sculk":285,"minecraft:sweet_berry_bush":2,"minecraft:yellow_bed":2,"minecraft:coal_ore":155,"minecraft:end_rod":16},"minecraft:killed_by":{"minecraft:iron_golem":3}},"DataVersion":3953}