{"stats":{"minecraft:killed_by":{"minecraft:iron_golem":3},"minecraft:crafted":{"minecraft:smooth_stone":6,"minecraft:oak_planks":660,"minecraft:barrel":3,"minecraft:stone":6,"minecraft:lever":1,"minecraft:diamond_shovel":38,"minecraft:bookshelf":17,"minecraft:shulker_box":3,"minecraft:cooked_mutton":16,"minecraft:suspicious_stew":5,"minecraft:quartz_block":41,"minecraft:glass":60,"minecraft:diamond_helmet":29,"minecraft:bow":32,"minecraft:diamond_leggings":32,"minecraft:beacon":1,"minecraft:tipped_arrow":680,"minecraft:chest":7,"minecraft:netherite_upgrade_smithing_template":40,"minecraft:stone_hoe":1,"minecraft:oak_fence":9,"minecraft:oak_slab":36,"minecraft:arrow":1024,"minecraft:emerald":6154,"minecraft:diamond_axe":33,"minecraft:crafting_table":12,"minecraft:wooden_pickaxe":1,"minecraft:smithing_table":2,"minecraft:fletching_table":6,"minecraft:gold_block":4,"minecraft:paper":63,"minecraft:diamond_pickaxe":18,"minecraft:emerald_block":55,"minecraft:shield":1,"minecraft:stick":680,"minecraft:iron_pickaxe":5,"minecraft:netherite_hoe":1,"minecraft:iron_ingot":223,"minecraft:iron_block":6,"minecraft:gold_ingot":67,"minecraft:netherite_ingot":19,"minecraft:shears":3,"minecraft:golden_carrot":306,"minecraft:stone_shovel":11,"minecraft:tripwire_hook":4,"minecraft:netherite_sword":1,"minecraft:diamond_hoe":24,"minecraft:furnace":4,"minecraft:blast_furnace":1,"minecraft:oak_trapdoor":2,"minecraft:diamond_block":4,"minecraft:flint_and_steel":1,"minecraft:netherite_chestplate":1,"minecraft:netherite_axe":1,"minecraft:iron_axe":1,"minecraft:stone_pickaxe":1,"minecraft:diamond_boots":29,"minecraft:netherite_scrap":84,"minecraft:wheat":144,"minecraft:cooked_beef":6,"minecraft:netherite_pickaxe":1,"minecraft:diamond_sword":9,"minecraft:bucket":12,"minecraft:enchanted_book":51,"minecraft:bread":150,"minecraft:air":0,"minecraft:oak_boat":1,"minecraft:white_wool":951,"minecraft:flint":70,"minecraft:netherite_shovel":1,"minecraft:iron_shovel":5,"minecraft:anvil":2,"minecraft:white_bed":17,"minecraft:pumpkin_pie":48,"minecraft:torch":12,"minecraft:diamond_chestplate":29,"minecraft:firework_rocket":105},"minecraft:used":{"minecraft:iron_shovel":250,"minecraft:elytra":36,"minecraft:diamond_hoe":435,"minecraft:chest":6,"minecraft:shield":18,"minecraft:stone":71,"minecraft:bell":1,"minecraft:rotten_flesh":2,"minecraft:soul_sand":4,"minecraft:nether_bricks":14,"minecraft:axolotl_bucket":3,"minecraft:tuff":16,"minecraft:lava_bucket":28,"minecraft:netherite_shovel":8908,"minecraft:grass_block":41,"minecraft:warped_nylium":1,"minecraft:netherite_hoe":67,"minecraft:item_frame":4,"minecraft:bow":341,"minecraft:hay_block":3,"minecraft:furnace":7,"minecraft:gold_block":54,"minecraft:egg":7,"minecraft:oak_planks":1,"minecraft:diorite":12,"minecraft:wither_skeleton_skull":3,"minecraft:diamond_boots":1,"minecraft:stone_pickaxe":61,"minecraft:chorus_fruit":2,"minecraft:ender_pearl":46,"minecraft:blackstone":80,"minecraft:leather_chestplate":1,"minecraft:wooden_pickaxe":5,"minecraft:composter":18,"minecraft:diamond_axe":141,"minecraft:golden_apple":1,"minecraft:white_wool":602,"minecraft:blast_furnace":7,"minecraft:end_stone":22,"minecraft:shears":17,"minecraft:lever":2,"minecraft:firework_rocket":52,"minecraft:string":79,"minecraft:bread":17,"minecraft:gravel":2,"minecraft:lilac":1,"minecraft:diamond_sword":174,"minecraft:grindstone":7,"minecraft:smithing_table":9,"minecraft:oak_fence":22,"minecraft:tropical_fish_bucket":2,"minecraft:oak_trapdoor":6,"minecraft:oak_boat":1,"minecraft:netherite_sword":463,"minecraft:stone_shovel":21,"minecraft:stone_hoe":24,"minecraft:netherrack":586,"minecraft:torch":12,"minecraft:dirt":407,"minecraft:anvil":2,"minecraft:twisting_vines":3,"minecraft:diamond_helmet":2,"minecraft:shulker_box":5,"minecraft:chipped_anvil":2,"minecraft:bookshelf":17,"minecraft:iron_axe":197,"minecraft:barrel":11,"minecraft:diamond_chestplate":2,"minecraft:tripwire_hook":7,"minecraft:basalt":172,"minecraft:golden_carrot":159,"minecraft:emerald_block":179,"minecraft:netherite_pickaxe":1001,"minecraft:cooked_beef":6,"minecraft:cobbled_deepslate":243,"minecraft:pumpkin":9,"minecraft:water_bucket":267,"minecraft:netherite_chestplate":35,"minecraft:beacon":2,"minecraft:fletching_table":14,"minecraft:polished_blackstone_bricks":64,"minecraft:diamond_block":4,"minecraft:crafting_table":20,"minecraft:red_mushroom":1,"minecraft:white_bed":28,"minecraft:oak_log":54,"minecraft:diamond_pickaxe":8092,"minecraft:diamond_shovel":1529,"minecraft:cracked_polished_blackstone_bricks":93,"minecraft:suspicious_stew":3,"minecraft:netherite_axe":49,"minecraft:cobblestone":180,"minecraft:end_crystal":12,"minecraft:bucket":311,"minecraft:pumpkin_pie":64,"minecraft:yellow_bed":2,"minecraft:dandelion":1,"minecraft:diamond_leggings":2},"minecraft:mined":{"minecraft:large_amethyst_bud":3,"minecraft:white_bed":11,"minecraft:sculk_vein":31,"minecraft:cobblestone_stairs":1,"minecraft:brewing_stand":1,"minecraft:obsidian":3,"minecraft:carved_pumpkin":6,"minecraft:granite":22,"minecraft:chiseled_polished_blackstone":11,"minecraft:grass_block":4501,"minecraft:cracked_polished_blackstone_bricks":146,"minecraft:composter":20,"minecraft:spawner":1,"minecraft:nether_wart":6,"minecraft:gilded_blackstone":1,"minecraft:weeping_vines_plant":2,"minecraft:polished_blackstone_bricks":308,"minecraft:smooth_stone":3,"minecraft:tall_seagrass":1,"minecraft:magma_block":21,"minecraft:sculk_catalyst":6,"minecraft:iron_ore":77,"minecraft:barrel":10,"minecraft:cobbled_deepslate":33,"minecraft:fire":25,"minecraft:pumpkin":13,"minecraft:fletching_table":9,"minecraft:twisting_vines":5,"minecraft:sculk_shrieker":41,"minecraft:water_cauldron":8,"minecraft:dirt_path":99,"minecraft:small_amethyst_bud":1,"minecraft:iron_bars":1,"minecraft:end_stone_bricks":2,"minecraft:tripwire":57,"minecraft:magenta_wall_banner":2,"minecraft:blackstone":245,"minecraft:twisting_vines_plant":26,"minecraft:medium_amethyst_bud":1,"minecraft:soul_fire":2,"minecraft:clay":6,"minecraft:blast_furnace":7,"minecraft:chest":22,"minecraft:beacon":1,"minecraft:dead_bush":1,"minecraft:nether_quartz_ore":445,"minecraft:cobblestone":37,"minecraft:grindstone":7,"minecraft:oak_planks":1,"minecraft:wall_torch":3,"minecraft:amethyst_block":3,"minecraft:skeleton_skull":2,"minecraft:warped_nylium":30,"minecraft:wheat":2,"minecraft:lilac":1,"minecraft:warped_fungus":3,"minecraft:purpur_block":2,"minecraft:cracked_deepslate_tiles":1,"minecraft:oak_log":184,"minecraft:dirt":5959,"minecraft:tripwire_hook":2,"minecraft:ancient_debris":79,"minecraft:stonecutter":1,"minecraft:netherrack":4087,"minecraft:deepslate":495,"minecraft:emerald_block":70,"minecraft:oak_leaves":3,"minecraft:nether_gold_ore":68,"minecraft:deepslate_tiles":3,"minecraft:tuff":26,"minecraft:mossy_cobblestone":2,"minecraft:deepslate_diamond_ore":75,"minecraft:end_stone":33,"minecraft:shulker_box":4,"minecraft:nether_bricks":16,"minecraft:crimson_roots":2,"minecraft:red_mushroom":1,"minecraft:hay_block":20,"minecraft:oak_trapdoor":7,"minecraft:furnace":5,"minecraft:carrots":2,"minecraft:nether_sprouts":1,"minecraft:polished_basalt":1,"minecraft:andesite":8,"minecraft:gold_block":31,"minecraft:bell":2,"minecraft:polished_deepslate":3,"minecraft:bookshelf":16,"minecraft:potatoes":2,"minecraft:deepslate_iron_ore":11,"minecraft:stripped_oak_log":8,"minecraft:chorus_plant":2,"minecraft:stone":2294,"minecraft:white_wool":17,"minecraft:smithing_table":7,"minecraft:glass_pane":1,"minecraft:magenta_stained_glass":2,"minecraft:basalt":187,"minecraft:dandelion":2,"minecraft:crafting_table":11,"minecraft:short_grass":192,"minecraft:warped_roots":2,"minecraft:sculk_sensor":151,"minecraft:copper_ore":37,"minecraft:purpur_pillar":4,"minecraft:tall_grass":39,"minecraft:deepslate_gold_ore":1,"minecraft:polished_blackstone_brick_stairs":2,"minecraft:sculk":285,"minecraft:diorite":26,"minecraft:sweet_berry_bush":2,"minecraft:yellow_bed":2,"minecraft:coal_ore":107,"minecraft:end_rod":16,"minecraft:gravel":109,"minecraft:stone_bricks":2,"minecraft:chipped_anvil":2,"minecraft:fern":2},"minecraft:custom":{"minecraft:interact_with_crafting_table":117,"minecraft:open_barrel":71,"minecraft:open_shulker_box":10,"minecraft:bell_ring":13,"minecraft:leave_game":50,"minecraft:time_since_death":890269,"minecraft:damage_resisted":6,"minecraft:sprint_one_cm":3211007,"minecraft:damage_blocked_by_shield":210,"minecraft:drop":733,"minecraft:talked_to_villager":906,"minecraft:play_time":976274,"minecraft:deaths":3,"minecraft:jump":17629,"minecraft:interact_with_brewingstand":1,"minecraft:walk_on_water_one_cm":85812,"minecraft:interact_with_furnace":77,"minecraft:play_record":17,"minecraft:traded_with_villager":1834,"minecraft:sleep_in_bed":42,"minecraft:open_enderchest":1,"minecraft:damage_dealt":65770,"minecraft:interact_with_beacon":6,"minecraft:crouch_one_cm":60028,"minecraft:interact_with_smithing_table":11,"minecraft:interact_with_anvil":76,"minecraft:mob_kills":361,"minecraft:climb_one_cm":5159,"minecraft:walk_one_cm":2082933,"minecraft:sneak_time":21383,"minecraft:walk_under_water_one_cm":97745,"minecraft:interact_with_blast_furnace":33,"minecraft:total_world_time":1020608,"minecraft:interact_with_grindstone":105,"minecraft:time_since_rest":21420,"minecraft:damage_absorbed":40,"minecraft:damage_taken":14755,"minecraft:swim_one_cm":115235,"minecraft:fly_one_cm":3151701,"minecraft:open_chest":1308,"minecraft:aviate_one_cm":912522,"minecraft:fall_one_cm":544311},"minecraft:dropped":{"minecraft:iron_sword":1,"minecraft:porkchop":3,"minecraft:diamond_axe":1,"minecraft:warped_fungus":2,"minecraft:glow_ink_sac":12,"minecraft:golden_pickaxe":3,"minecraft:ender_pearl":14,"minecraft:netherite_upgrade_smithing_template":10,"minecraft:warped_roots":1,"minecraft:leather":1,"minecraft:saddle":1,"minecraft:flint":15,"minecraft:cobblestone_stairs":1,"minecraft:item_frame":1,"minecraft:emerald":22,"minecraft:cracked_polished_blackstone_bricks":4,"minecraft:dirt":2715,"minecraft:yellow_dye":1,"minecraft:cornflower":3,"minecraft:mutton":8,"minecraft:snowball":4,"minecraft:chain":1,"minecraft:gold_nugget":3,"minecraft:sugar":4,"minecraft:iron_pickaxe":4,"minecraft:white_wool":231,"minecraft:cauldron":4,"minecraft:bone":21,"minecraft:gravel":15,"minecraft:chiseled_polished_blackstone":2,"minecraft:magenta_banner":2,"minecraft:purpur_block":2,"minecraft:blackstone":8,"minecraft:sugar_cane":2,"minecraft:cooked_chicken":13,"minecraft:iron_nugget":7,"minecraft:cobbled_deepslate":14,"minecraft:twisting_vines":8,"minecraft:wheat":2,"minecraft:obsidian":1,"minecraft:rotten_flesh":29,"minecraft:oak_planks":21,"minecraft:end_stone":10,"minecraft:glowstone_dust":1,"minecraft:azure_bluet":7,"minecraft:poppy":2,"minecraft:tipped_arrow":1,"minecraft:gunpowder":10,"minecraft:arrow":301,"minecraft:basalt":3,"minecraft:iron_bars":8,"minecraft:end_stone_bricks":2,"minecraft:beef":5,"minecraft:quartz":516,"minecraft:netherrack":584,"minecraft:firework_rocket":1,"minecraft:egg":6,"minecraft:enchanted_book":1,"minecraft:golden_boots":1,"minecraft:iron_ingot":1,"minecraft:bread":107,"minecraft:oak_slab":30,"minecraft:wheat_seeds":112,"minecraft:smithing_table":1,"minecraft:oak_fence":14,"minecraft:feather":12,"minecraft:cobblestone":70,"minecraft:book":1,"minecraft:amethyst_block":2,"minecraft:apple":2,"minecraft:granite":1,"minecraft:grass_block":3,"minecraft:coal":6,"minecraft:stick":13,"minecraft:oxeye_daisy":2,"minecraft:diorite":10,"minecraft:torch":91,"minecraft:lodestone":1,"minecraft:potion":3,"minecraft:pumpkin":3,"minecraft:golden_hoe":1,"minecraft:iron_axe":2,"minecraft:smooth_stone":3,"minecraft:iron_shovel":6,"minecraft:chainmail_leggings":1,"minecraft:string":1192,"minecraft:lily_pad":2,"minecraft:dandelion":20,"minecraft:purpur_pillar":3,"minecraft:furnace":1,"minecraft:warped_nylium":3,"minecraft:netherite_ingot":7,"minecraft:stone_sword":4,"minecraft:bowl":3,"minecraft:deepslate":5,"minecraft:composter":2,"minecraft:stone_shovel":12,"minecraft:chicken":1,"minecraft:clay_ball":8,"minecraft:iron_boots":1,"minecraft:oak_sign":4,"minecraft:shears":2,"minecraft:pumpkin_seeds":32,"minecraft:flint_and_steel":1,"minecraft:suspicious_stew":2,"minecraft:copper_ore":23,"minecraft:potato":4,"minecraft:stone":24,"minecraft:diamond_pickaxe":2,"minecraft:andesite":5,"minecraft:golden_leggings":2,"minecraft:golden_sword":1,"minecraft:carved_pumpkin":7,"minecraft:spider_eye":7,"minecraft:barrel":2,"minecraft:stone_bricks":2,"minecraft:slime_ball":2,"minecraft:bow":48,"minecraft:wooden_pickaxe":1,"minecraft:raw_gold":8},"minecraft:picked_up":{"minecraft:shulker_shell":33,"minecraft:wheat":4,"minecraft:nether_brick_fence":3,"minecraft:smithing_table":7,"minecraft:potion":1,"minecraft:golden_sword":1,"minecraft:amethyst_block":2,"minecraft:string":19467,"minecraft:smooth_stone":3,"minecraft:gold_nugget":454,"minecraft:cobbled_deepslate":296,"minecraft:bucket":3,"minecraft:netherite_upgrade_smithing_template":1,"minecraft:furnace":5,"minecraft:tipped_arrow":1,"minecraft:stick":97,"minecraft:composter":21,"minecraft:torch":11,"minecraft:purpur_pillar":3,"minecraft:diorite":28,"minecraft:cauldron":5,"minecraft:stone_sword":6,"minecraft:rotten_flesh":77,"minecraft:tropical_fish":6,"minecraft:carved_pumpkin":7,"minecraft:end_rod":22,"minecraft:blaze_rod":46,"minecraft:obsidian":3,"minecraft:iron_bars":8,"minecraft:snowball":4,"minecraft:cobblestone":487,"minecraft:cooked_beef":3,"minecraft:magma_block":21,"minecraft:leather_chestplate":2,"minecraft:feather":12,"minecraft:lilac":1,"minecraft:andesite":7,"minecraft:golden_leggings":1,"minecraft:beacon":1,"minecraft:potato":1,"minecraft:flint":25,"minecraft:tuff":16,"minecraft:wither_skeleton_skull":2,"minecraft:dirt":3353,"minecraft:disc_fragment_5":1,"minecraft:twisting_vines":52,"minecraft:bone":217,"minecraft:chipped_anvil":2,"minecraft:bow":20,"minecraft:stonecutter":2,"minecraft:wheat_seeds":127,"minecraft:bell":2,"minecraft:grindstone":7,"minecraft:fletching_table":9,"minecraft:stone_hoe":1,"minecraft:oak_planks":10,"minecraft:ghast_tear":1,"minecraft:chiseled_polished_blackstone":2,"minecraft:grass_block":234,"minecraft:barrel":10,"minecraft:shulker_box":4,"minecraft:diamond":241,"minecraft:lever":1,"minecraft:cracked_polished_blackstone_bricks":97,"minecraft:granite":21,"minecraft:emerald":129,"minecraft:netherrack":1066,"minecraft:chorus_fruit":11,"minecraft:nether_star":1,"minecraft:crimson_roots":4,"minecraft:diamond_pickaxe":2,"minecraft:end_stone_bricks":2,"minecraft:crafting_table":12,"minecraft:azure_bluet":7,"minecraft:chicken":1,"minecraft:nether_wart":14,"minecraft:clay_ball":16,"minecraft:golden_pickaxe":2,"minecraft:brown_mushroom":2,"minecraft:gold_block":31,"minecraft:purpur_block":2,"minecraft:shield":3,"minecraft:cornflower":1,"minecraft:oak_trapdoor":4,"minecraft:elytra":6,"minecraft:iron_axe":2,"minecraft:item_frame":5,"minecraft:iron_shovel":4,"minecraft:blackstone":157,"minecraft:netherite_sword":2,"minecraft:beef":10,"minecraft:music_disc_otherside":17,"minecraft:echo_shard":1,"minecraft:poppy":4,"minecraft:chest":2,"minecraft:egg":15,"minecraft:copper_ore":23,"minecraft:raw_iron":156,"minecraft:end_stone":32,"minecraft:stone":1453,"minecraft:polished_blackstone_bricks":112,"minecraft:arrow":268,"minecraft:golden_hoe":1,"minecraft:nether_bricks":14,"minecraft:shears":4,"minecraft:hay_block":19,"minecraft:mutton":19,"minecraft:skeleton_skull":2,"minecraft:white_wool":105,"minecraft:oxeye_daisy":2,"minecraft:stripped_oak_log":8,"minecraft:basalt":172,"minecraft:golden_carrot":2,"minecraft:glow_ink_sac":6,"minecraft:tripwire_hook":3,"minecraft:magenta_banner":2,"minecraft:leather":12,"minecraft:red_mushroom":1,"minecraft:oak_log":183,"minecraft:lily_pad":2,"minecraft:ancient_debris":149,"minecraft:yellow_bed":2,"minecraft:gunpowder":42,"minecraft:cobblestone_stairs":1,"minecraft:cooked_mutton":6,"minecraft:stone_bricks":2,"minecraft:iron_ingot":119,"minecraft:stone_pickaxe":2,"minecraft:cooked_chicken":13,"minecraft:iron_sword":1,"minecraft:book":73,"minecraft:oak_slab":30,"minecraft:warped_fungus":2,"minecraft:emerald_block":73,"minecraft:pumpkin":12,"minecraft:quartz":575,"minecraft:dandelion":21,"minecraft:gravel":87,"minecraft:blast_furnace":7,"minecraft:white_bed":11,"minecraft:spider_eye":6,"minecraft:pumpkin_seeds":24,"minecraft:coal_ore":30,"minecraft:stone_axe":1,"minecraft:warped_roots":2,"minecraft:black_wool":2,"minecraft:warped_nylium":4,"minecraft:coal":352,"minecraft:ender_pearl":59},"minecraft:killed":{"minecraft:zombified_piglin":9,"minecraft:spider":9,"minecraft:shulker":46,"minecraft:wither":1,"minecraft:skeleton":35,"minecraft:bee":1,"minecraft:chicken":3,"minecraft:silverfish":1,"minecraft:piglin_brute":8,"minecraft:magma_cube":1,"minecraft:piglin":22,"minecraft:zombie_villager":2,"minecraft:iron_golem":1,"minecraft:ender_dragon":2,"minecraft:creeper":6,"minecraft:sheep":11,"minecraft:zombie":46,"minecraft:ghast":2,"minecraft:blaze":27,"minecraft:cow":7,"minecraft:phantom":1,"minecraft:hoglin":2,"minecraft:wither_skeleton":62,"minecraft:villager":2,"minecraft:enderman":32}},"DataVersion":3953}