{"stats":{"minecraft:dropped":{"minecraft:iron_sword":1,"minecraft:porkchop":3,"minecraft:diamond_axe":1,"minecraft:warped_fungus":2,"minecraft:ender_pearl":3,"minecraft:flint":14,"minecraft:emerald":18,"minecraft:cobblestone_stairs":1,"minecraft:dirt":198,"minecraft:yellow_dye":1,"minecraft:cornflower":3,"minecraft:mutton":8,"minecraft:gold_nugget":2,"minecraft:sugar":4,"minecraft:iron_pickaxe":4,"minecraft:white_wool":74,"minecraft:cauldron":4,"minecraft:bone":16,"minecraft:gravel":13,"minecraft:blackstone":7,"minecraft:sugar_cane":1,"minecraft:cooked_chicken":10,"minecraft:iron_nugget":7,"minecraft:cobbled_deepslate":7,"minecraft:twisting_vines":6,"minecraft:wheat":2,"minecraft:rotten_flesh":24,"minecraft:oak_planks":20,"minecraft:glowstone_dust":1,"minecraft:azure_bluet":5,"minecraft:poppy":2,"minecraft:tipped_arrow":1,"minecraft:gunpowder":10,"minecraft:basalt":3,"minecraft:arrow":301,"minecraft:beef":3,"minecraft:quartz":516,"minecraft:netherrack":193,"minecraft:egg":4,"minecraft:iron_ingot":1,"minecraft:bread":107,"minecraft:oak_slab":30,"minecraft:wheat_seeds":58,"minecraft:oak_fence":9,"minecraft:feather":8,"minecraft:cobblestone":10,"minecraft:apple":2,"minecraft:granite":1,"minecraft:grass_block":3,"minecraft:coal":6,"minecraft:oxeye_daisy":2,"minecraft:diorite":10,"minecraft:torch":91,"minecraft:golden_hoe":1,"minecraft:iron_axe":1,"minecraft:smooth_stone":3,"minecraft:iron_shovel":6,"minecraft:chainmail_leggings":1,"minecraft:string":1109,"minecraft:dandelion":15,"minecraft:stone_sword":1,"minecraft:bowl":3,"minecraft:composter":2,"minecraft:stone_shovel":12,"minecraft:clay_ball":8,"minecraft:iron_boots":1,"minecraft:oak_sign":4,"minecraft:shears":1,"minecraft:suspicious_stew":2,"minecraft:flint_and_steel":1,"minecraft:copper_ore":23,"minecraft:potato":4,"minecraft:stone":21,"minecraft:diamond_pickaxe":2,"minecraft:andesite":5,"minecraft:golden_leggings":2,"minecraft:golden_sword":1,"minecraft:carved_pumpkin":1,"minecraft:spider_eye":7,"minecraft:barrel":2,"minecraft:slime_ball":2,"minecraft:bow":48,"minecraft:wooden_pickaxe":1,"minecraft:raw_gold":8},"minecraft:used":{"minecraft:iron_shovel":250,"minecraft:chest":5,"minecraft:shield":18,"minecraft:bell":1,"minecraft:rotten_flesh":2,"minecraft:nether_bricks":14,"minecraft:tuff":16,"minecraft:axolotl_bucket":2,"minecraft:lava_bucket":3,"minecraft:grass_block":41,"minecraft:bow":157,"minecraft:hay_block":3,"minecraft:furnace":6,"minecraft:egg":6,"minecraft:diamond_boots":1,"minecraft:stone_pickaxe":61,"minecraft:ender_pearl":5,"minecraft:blackstone":80,"minecraft:wooden_pickaxe":5,"minecraft:leather_chestplate":1,"minecraft:composter":18,"minecraft:diamond_axe":116,"minecraft:golden_apple":1,"minecraft:white_wool":173,"minecraft:blast_furnace":7,"minecraft:shears":9,"minecraft:lever":2,"minecraft:bread":17,"minecraft:string":69,"minecraft:lilac":1,"minecraft:diamond_sword":174,"minecraft:grindstone":7,"minecraft:smithing_table":5,"minecraft:oak_boat":1,"minecraft:tropical_fish_bucket":2,"minecraft:oak_fence":18,"minecraft:oak_trapdoor":6,"minecraft:stone_shovel":21,"minecraft:stone_hoe":24,"minecraft:netherrack":94,"minecraft:torch":12,"minecraft:dirt":251,"minecraft:anvil":2,"minecraft:diamond_helmet":2,"minecraft:bookshelf":17,"minecraft:iron_axe":197,"minecraft:barrel":11,"minecraft:diamond_chestplate":2,"minecraft:basalt":172,"minecraft:tripwire_hook":4,"minecraft:golden_carrot":44,"minecraft:emerald_block":25,"minecraft:cooked_beef":6,"minecraft:cobbled_deepslate":113,"minecraft:water_bucket":30,"minecraft:fletching_table":11,"minecraft:polished_blackstone_bricks":48,"minecraft:crafting_table":10,"minecraft:red_mushroom":1,"minecraft:white_bed":22,"minecraft:oak_log":43,"minecraft:diamond_pickaxe":4197,"minecraft:diamond_shovel":1529,"minecraft:cracked_polished_blackstone_bricks":26,"minecraft:suspicious_stew":3,"minecraft:cobblestone":107,"minecraft:bucket":46,"minecraft:pumpkin_pie":64,"minecraft:yellow_bed":2,"minecraft:dandelion":1,"minecraft:diamond_leggings":1},"minecraft:killed_by":{"minecraft:iron_golem":3},"minecraft:crafted":{"minecraft:oak_planks":564,"minecraft:smooth_stone":6,"minecraft:barrel":3,"minecraft:stone":6,"minecraft:lever":1,"minecraft:diamond_shovel":38,"minecraft:bookshelf":17,"minecraft:cooked_mutton":16,"minecraft:suspicious_stew":5,"minecraft:diamond_helmet":29,"minecraft:bow":32,"minecraft:diamond_leggings":32,"minecraft:tipped_arrow":680,"minecraft:chest":4,"minecraft:netherite_upgrade_smithing_template":2,"minecraft:stone_hoe":1,"minecraft:oak_slab":36,"minecraft:arrow":1024,"minecraft:emerald":5799,"minecraft:diamond_axe":33,"minecraft:crafting_table":6,"minecraft:wooden_pickaxe":1,"minecraft:smithing_table":1,"minecraft:fletching_table":6,"minecraft:diamond_pickaxe":18,"minecraft:emerald_block":28,"minecraft:shield":1,"minecraft:stick":660,"minecraft:iron_ingot":205,"minecraft:iron_pickaxe":5,"minecraft:iron_block":6,"minecraft:gold_ingot":23,"minecraft:shears":1,"minecraft:golden_carrot":165,"minecraft:stone_shovel":11,"minecraft:tripwire_hook":2,"minecraft:diamond_hoe":24,"minecraft:furnace":4,"minecraft:blast_furnace":1,"minecraft:flint_and_steel":1,"minecraft:oak_trapdoor":2,"minecraft:iron_axe":1,"minecraft:stone_pickaxe":1,"minecraft:diamond_boots":29,"minecraft:netherite_scrap":4,"minecraft:wheat":144,"minecraft:cooked_beef":6,"minecraft:diamond_sword":9,"minecraft:bucket":11,"minecraft:enchanted_book":49,"minecraft:bread":150,"minecraft:air":0,"minecraft:oak_boat":1,"minecraft:white_wool":353,"minecraft:flint":70,"minecraft:iron_shovel":5,"minecraft:anvil":2,"minecraft:white_bed":11,"minecraft:pumpkin_pie":48,"minecraft:torch":12,"minecraft:diamond_chestplate":29},"minecraft:picked_up":{"minecraft:wheat":4,"minecraft:nether_brick_fence":3,"minecraft:smithing_table":4,"minecraft:golden_sword":1,"minecraft:amethyst_block":1,"minecraft:string":13942,"minecraft:cobbled_deepslate":130,"minecraft:gold_nugget":374,"minecraft:smooth_stone":3,"minecraft:bucket":3,"minecraft:furnace":4,"minecraft:tipped_arrow":1,"minecraft:stick":94,"minecraft:composter":21,"minecraft:torch":11,"minecraft:diorite":10,"minecraft:cauldron":5,"minecraft:stone_sword":3,"minecraft:rotten_flesh":43,"minecraft:tropical_fish":6,"minecraft:carved_pumpkin":1,"minecraft:blaze_rod":24,"minecraft:cobblestone":155,"minecraft:magma_block":21,"minecraft:leather_chestplate":2,"minecraft:cooked_beef":3,"minecraft:feather":8,"minecraft:lilac":1,"minecraft:andesite":5,"minecraft:golden_leggings":1,"minecraft:potato":1,"minecraft:flint":24,"minecraft:tuff":16,"minecraft:dirt":1498,"minecraft:twisting_vines":6,"minecraft:bone":86,"minecraft:stonecutter":2,"minecraft:bow":20,"minecraft:wheat_seeds":73,"minecraft:bell":2,"minecraft:grindstone":7,"minecraft:fletching_table":5,"minecraft:stone_hoe":1,"minecraft:oak_planks":8,"minecraft:grass_block":234,"minecraft:barrel":10,"minecraft:diamond":68,"minecraft:lever":1,"minecraft:cracked_polished_blackstone_bricks":26,"minecraft:granite":1,"minecraft:emerald":129,"minecraft:netherrack":564,"minecraft:diamond_pickaxe":2,"minecraft:crafting_table":7,"minecraft:azure_bluet":5,"minecraft:nether_wart":14,"minecraft:clay_ball":8,"minecraft:brown_mushroom":2,"minecraft:gold_block":1,"minecraft:shield":3,"minecraft:cornflower":1,"minecraft:oak_trapdoor":4,"minecraft:iron_axe":2,"minecraft:iron_shovel":4,"minecraft:blackstone":128,"minecraft:beef":8,"minecraft:poppy":4,"minecraft:chest":1,"minecraft:egg":11,"minecraft:copper_ore":23,"minecraft:raw_iron":156,"minecraft:stone":21,"minecraft:polished_blackstone_bricks":48,"minecraft:arrow":218,"minecraft:golden_hoe":1,"minecraft:nether_bricks":14,"minecraft:shears":4,"minecraft:hay_block":19,"minecraft:mutton":18,"minecraft:white_wool":94,"minecraft:oxeye_daisy":2,"minecraft:stripped_oak_log":8,"minecraft:basalt":172,"minecraft:tripwire_hook":2,"minecraft:leather":11,"minecraft:red_mushroom":1,"minecraft:oak_log":179,"minecraft:ancient_debris":88,"minecraft:yellow_bed":2,"minecraft:gunpowder":2,"minecraft:cobblestone_stairs":1,"minecraft:iron_ingot":119,"minecraft:stone_pickaxe":2,"minecraft:cooked_chicken":10,"minecraft:iron_sword":1,"minecraft:book":48,"minecraft:oak_slab":30,"minecraft:warped_fungus":2,"minecraft:emerald_block":6,"minecraft:quartz":423,"minecraft:dandelion":17,"minecraft:gravel":83,"minecraft:blast_furnace":7,"minecraft:white_bed":11,"minecraft:spider_eye":6,"minecraft:stone_axe":1,"minecraft:warped_roots":1,"minecraft:coal":246,"minecraft:ender_pearl":10},"minecraft:mined":{"minecraft:large_amethyst_bud":3,"minecraft:white_bed":11,"minecraft:cobblestone_stairs":1,"minecraft:sculk_vein":3,"minecraft:granite":1,"minecraft:chiseled_polished_blackstone":4,"minecraft:grass_block":910,"minecraft:cracked_polished_blackstone_bricks":29,"minecraft:composter":20,"minecraft:nether_wart":6,"minecraft:smooth_stone":3,"minecraft:polished_blackstone_bricks":54,"minecraft:magma_block":21,"minecraft:cobbled_deepslate":6,"minecraft:iron_ore":77,"minecraft:fire":18,"minecraft:barrel":10,"minecraft:fletching_table":5,"minecraft:twisting_vines":1,"minecraft:water_cauldron":8,"minecraft:dirt_path":75,"minecraft:small_amethyst_bud":1,"minecraft:tripwire":54,"minecraft:blackstone":138,"minecraft:twisting_vines_plant":2,"minecraft:medium_amethyst_bud":1,"minecraft:soul_fire":2,"minecraft:clay":2,"minecraft:blast_furnace":7,"minecraft:chest":1,"minecraft:nether_quartz_ore":246,"minecraft:cobblestone":33,"minecraft:grindstone":7,"minecraft:wall_torch":3,"minecraft:amethyst_block":3,"minecraft:warped_nylium":2,"minecraft:wheat":2,"minecraft:lilac":1,"minecraft:warped_fungus":2,"minecraft:oak_log":181,"minecraft:dirt":718,"minecraft:tripwire_hook":2,"minecraft:ancient_debris":64,"minecraft:stonecutter":1,"minecraft:netherrack":2830,"minecraft:oak_leaves":3,"minecraft:deepslate":142,"minecraft:emerald_block":1,"minecraft:nether_gold_ore":61,"minecraft:tuff":16,"minecraft:deepslate_diamond_ore":31,"minecraft:nether_bricks":13,"minecraft:red_mushroom":1,"minecraft:hay_block":20,"minecraft:oak_trapdoor":4,"minecraft:furnace":4,"minecraft:carrots":2,"minecraft:nether_sprouts":1,"minecraft:andesite":6,"minecraft:gold_block":1,"minecraft:bell":2,"minecraft:bookshelf":16,"minecraft:potatoes":2,"minecraft:deepslate_iron_ore":10,"minecraft:stripped_oak_log":8,"minecraft:stone":133,"minecraft:white_wool":12,"minecraft:smithing_table":4,"minecraft:glass_pane":1,"minecraft:basalt":170,"minecraft:dandelion":2,"minecraft:crafting_table":6,"minecraft:short_grass":113,"minecraft:warped_roots":1,"minecraft:tall_grass":28,"minecraft:copper_ore":23,"minecraft:sculk":3,"minecraft:diorite":5,"minecraft:yellow_bed":2,"minecraft:coal_ore":77,"minecraft:gravel":105},"minecraft:custom":{"minecraft:interact_with_crafting_table":82,"minecraft:open_barrel":71,"minecraft:bell_ring":13,"minecraft:leave_game":43,"minecraft:time_since_death":476526,"minecraft:damage_resisted":6,"minecraft:sprint_one_cm":1808120,"minecraft:damage_blocked_by_shield":210,"minecraft:drop":497,"minecraft:talked_to_villager":793,"minecraft:play_time":562465,"minecraft:deaths":3,"minecraft:jump":9566,"minecraft:walk_on_water_one_cm":39058,"minecraft:interact_with_furnace":64,"minecraft:traded_with_villager":1430,"minecraft:sleep_in_bed":36,"minecraft:damage_dealt":22044,"minecraft:crouch_one_cm":29375,"minecraft:interact_with_smithing_table":1,"minecraft:mob_kills":136,"minecraft:interact_with_anvil":72,"minecraft:climb_one_cm":399,"minecraft:walk_one_cm":1173685,"minecraft:sneak_time":10915,"minecraft:walk_under_water_one_cm":29504,"minecraft:interact_with_blast_furnace":25,"minecraft:total_world_time":606799,"minecraft:interact_with_grindstone":105,"minecraft:time_since_rest":87023,"minecraft:damage_taken":7880,"minecraft:damage_absorbed":40,"minecraft:swim_one_cm":56328,"minecraft:fly_one_cm":1509391,"minecraft:open_chest":925,"minecraft:fall_one_cm":279211},"minecraft:killed":{"minecraft:spider":8,"minecraft:skeleton":18,"minecraft:chicken":2,"minecraft:piglin_brute":7,"minecraft:piglin":10,"minecraft:zombie_villager":1,"minecraft:iron_golem":1,"minecraft:creeper":3,"minecraft:sheep":9,"minecraft:zombie":26,"minecraft:ghast":1,"minecraft:cow":5,"minecraft:blaze":13,"minecraft:wither_skeleton":17,"minecraft:villager":2,"minecraft:enderman":7}},"DataVersion":3953}